uid,province,gender,verified
uCXZAHQXC,11,m,False
uUPCCYCXC,11,f,False
u351ODTXW,11,f,False
uG1K5KFX5,11,m,False
u0VNQ2GX5,11,f,False
uMMS2XZXQ,11,m,False
uBKZLVTXQ,11,m,False
uZXYGKBXQ,11,m,False
u1CIH1XXQ,43,m,False
uUPCCYCXQ,11,f,False
uR1CIS4XQ,33,m,False
uPAQ04LX3,33,m,False
uTHYACFX3,11,f,False
uTZVIO0X3,11,m,True
uS5CXLSX3,11,m,False
uYC3SR2X3,44,m,False
uKB5YTJX3,11,m,True
uB5FCKRX3,400,m,False
uY02MQ1X0,44,f,False
uHRWEYSX0,44,m,False
uLMAZ2XX0,44,m,False
uLCSZZZX0,44,m,False
uDTRQVX0,43,m,False
uPVJUYEXA,44,m,False
uTHYACFXA,44,m,True
uTTX01YXX,44,f,False
uTZVIO0XX,44,f,False
uNEBZFBN2,11,f,False
uDGUGJ0N2,11,f,False
uATE3L4N2,100,m,False
uIKX1HTN2,37,m,False
uJWADPLN4,11,m,False
uK3RYITT1,11,m,False
u5KYFBRTU,23,f,False
uG1K5KNT0,31,m,False
uAH4EMUTA,32,f,False
uVT2XGUTI,11,f,False
uEMBY0ZSE,100,m,False
uCNUUOJS0,44,f,False
uNGNEK5MF,61,f,False
uWWDIXOMP,44,f,False
uSJMRZGMT,52,m,True
u0ABQZOMT,11,f,False
uQHXBBMO,34,m,False
uB5FCKXMJ,45,m,False
uQSMPQYMJ,11,m,False
uRU2TSMB,11,m,True
uDTLB5FMG,43,f,False
u02HVLIML,61,m,False
uJ2OK5RMC,13,m,False
uHJRQ1QM5,44,m,False
u1CIHU2MQ,32,f,False
uMLL4EWM3,14,m,False
uTTX01KMR,41,f,False
u0ABQZOMR,35,m,True
uJASDAYO2,32,m,False
u5KYFBRO4,32,m,False
uKPKOBVOT,11,m,False
uWWDIXOOT,42,m,False
uI5YUSROO,32,m,False
uAZJEXVOD,11,m,False
uG1K5KNOH,400,f,False
uPAQ04COV,23,f,False
uHQO3CGOV,31,m,False
uZNJDNNOV,51,m,False
uS4IR2QO5,51,m,False
uQZ0SP0OZ,32,m,False
uDGUGJ0OI,44,f,False
uDTRQ5OR,71,m,False
u3FTSA5Y2,11,m,True
uEMBY0ZYF,33,f,False
uHQO3CGYP,51,f,False
uZXYGKGYY,44,m,False
uYODSSOYD,44,m,False
uBIDWFZYG,11,f,False
uJ2OK5RYH,50,m,False
uBIDWFZYL,35,m,True
uNGNEK5YC,31,m,False
uWWDIXOYV,33,m,False
uMLL4EWY3,33,m,True
uS5CXLMY1,400,m,False
uGS3WUCYI,11,m,False
uVT2XGUKY,11,m,False
uATE3L4KV,44,m,False
uUB0W4JKE,45,m,False
u5VVNTEJ4,35,f,False
uODGNRIJD,50,f,False
uQHXBBJW,35,m,False
uCBP02PJQ,11,m,False
uMLL4EWJ1,44,m,False
uR1CISFJI,61,m,False
uI4QZEDDF,13,m,False
uW03RE4DN,11,m,False
u5VVNTEDB,12,f,False
uKPKOBVBN,11,m,True
uY02MQUGM,44,m,False
u5AINILGX,33,m,False
uSIA2O2H4,33,f,False
uTHYACNCO,35,m,False
