source,target
uPKFKNT2X,uPKFKNT2X
uPKFKNT2X,uPKFKNT2X
uGL4N4Z3E,uGL4N4Z3E
uQSMQFMTA,uQSMQFMTA
uQSMQFMTA,uQSMQFMTA
uW0EE5SBM,uW0EE5SBM
uW0EE5SBM,uW0EE5SBM
uW0EE5SBM,uW0EE5SBM
uHJXSR0OY,uHJXSR0OY
uHJXSR0OY,uHJXSR0OY
uHJXSR0OY,uHJXSR0OY
uLMIOFMAD,uLMIOFMAD
uLMIOFMAD,uLMIOFMAD
uLMIOFMAD,uLMIOFMAD
uLMIOFMAD,uLMIOFMAD
uB4H2S5SG,uB4H2S5SG
uB5NMTR41,uB5NMTR41
u0AGS350M,u0AGS350M
u0AGS350M,u0AGS350M
u0AGS350M,u0AGS350M
uVGJCWKL0,uVGJCWKL0
uW0EO3BZY,uW0EO3BZY
uW0EO3BZY,uW0EO3BZY
uRLODOJHS,uRLODOJHS
uK3RUPVPN,uK3RUPVPN
uK3RUPVPN,uK3RUPVPN
uK3RUPVPN,uK3RUPVPN
uGL4TXBUH,uGL4TXBUH
uGL4TXBUH,uGL4TXBUH
uGL4TXBUH,uGL4TXBUH
uGL4TXBUH,uGL4TXBUH
uLMIGJZBU,uLMIGJZBU
uLMIGJZBU,uLMIGJZBU
uGL4NKUGN,uGL4NKUGN
uGL4NKUGN,uGL4NKUGN
uQSMQFMTA,uQSMQFMTA
uQSMQFMTA,uQSMQFMTA
uQSMQFMTA,uQSMQFMTA
uQSMQFMTA,uQSMQFMTA
uYC3E1QGP,uYC3E1QGP
uYC3E1QGP,uYC3E1QGP
uYC3E1QGP,uYC3E1QGP
uYC3E1QGP,uYC3E1QGP
uYC3E1QGP,uYC3E1QGP
uZXKF1F3A,uZXKF1F3A
uB4GRDSFM,uB4GRDSFM
uQZ03XTNN,uQZ03XTNN
u1CR2RDOZ,u1CR2RDOZ
u1CR2RDOZ,u1CR2RDOZ
u1CR2RDOZ,u1CR2RDOZ
u1CIX0MSU,u1CIX0MSU
u1CIX0MSU,u1CIX0MSU
u1CIX0MSU,u1CIX0MSU
u1CIX0MSU,u1CIX0MSU
uZXYRU35B,uZXYRU35B
u0VPB1KDC,u0VPB1KDC
u0VPB1KDC,u0VPB1KDC
u0YUSW2E1,u0YUSW2E1
u0YUSW2E1,u0YUSW2E1
u0YUSW2E1,u0YUSW2E1
u0YUSW2E1,u0YUSW2E1
u0YUSW2E1,u0YUSW2E1
u0YUSW2E1,u0YUSW2E1
u0YUSW2E1,u0YUSW2E1
u0YUSW2E1,u0YUSW2E1
u0YUSW2E1,u0YUSW2E1
u0YUSW2E1,u0YUSW2E1
uM1U53W3R,uM1U53W3R
uUPWFLGV1,uUPWFLGV1
uHJXSKH3E,uHJXSKH3E
uM1UGVSPP,uM1UGVSPP
uM1UGVSPP,uM1UGVSPP
uM1UGVSPP,uM1UGVSPP
uM1UGVSPP,uM1UGVSPP
uM1UGVSPP,uM1UGVSPP
uPVDKH0BU,uPVDKH0BU
uPVDKH0BU,uPVDKH0BU
uGL4T2KOC,uGL4T2KOC
uJ2OILTPF,uJ2OILTPF
uJ2OILTPF,uJ2OILTPF
uJ2OILTPF,uJ2OILTPF
uNEGTSUIQ,uNEGTSUIQ
uNEGTSUIQ,uNEGTSUIQ
uNEGTSUIQ,uNEGTSUIQ
uNEGTSUIQ,uNEGTSUIQ
uNEGTSUIQ,uNEGTSUIQ
uNEGTSUIQ,uNEGTSUIQ
uNEGTSUIQ,uNEGTSUIQ
uB5NTIRMH,uB5NTIRMH
uB5NTIRMH,uB5NTIRMH
uB5NTIRMH,uB5NTIRMH
uB5NTIRMH,uB5NTIRMH
uDZPXLNGR,uDZPXLNGR
uDZPXLNGR,uDZPXLNGR
uHJXSKH3E,uHJXSKH3E
uHJXSKH3E,uHJXSKH3E
uHJXMHRT0,uHJXMHRT0
uHJXMHRT0,uHJXMHRT0
uVEQW1QSQ,uVEQW1QSQ
uVEQW1QSQ,uVEQW1QSQ
uVEQW1QSQ,uVEQW1QSQ
uB5FIULFW,uB5FIULFW
uB5FIULFW,uB5FIULFW
uB5FIULFW,uB5FIULFW
uGL4NKUGN,uGL4NKUGN
uQSMQFMTA,uQSMQFMTA
uHRVOCB2B,uHRVOCB2B
uEMB1I2ZO,uEMB1I2ZO
uGL4NKUGN,uGL4NKUGN
uGL4NKUGN,uGL4NKUGN
uGL4NKUGN,uGL4NKUGN
uDSCBQLA,uDSCBQLA
uDSCBQLA,uDSCBQLA
uDSCBQLA,uDSCBQLA
uDSCBQLA,uDSCBQLA
uDSCBQLA,uDSCBQLA
uZNJARMRK,uZNJARMRK
uI43KXA22,uI43KXA22
uI43KXA22,uI43KXA22
uI43KXA22,uI43KXA22
uI43KXA22,uI43KXA22
uI43KXA22,uI43KXA22
uI43KXA22,uI43KXA22
uI43KXA22,uI43KXA22
uMMSVSDTQ,uMMSVSDTQ
uMMSVSDTQ,uMMSVSDTQ
u1OVXCZDQ,u1OVXCZDQ
uP2ZO0KGV,uP2ZO0KGV
uP2ZO0KGV,uP2ZO0KGV
uLCMDVHL4,uLCMDVHL4
uM1U0BTOI,uM1U0BTOI
uM1U0BTOI,uM1U0BTOI
uB5NMTR41,uB5NMTR41
uB5NMTR41,uB5NMTR41
uB5NMTR41,uB5NMTR41
uB5NMTR41,uB5NMTR41
uB5NMTR41,uB5NMTR41
uB5NMTR41,uB5NMTR41
uB5NMTR41,uB5NMTR41
u351Z5BYV,u351Z5BYV
uVT4H0RW0,uVT4H0RW0
uVT4H0RW0,uVT4H0RW0
uVT4H0RW0,uVT4H0RW0
uOQZ0UAQB,uOQZ0UAQB
uLMIY2VRM,uLMIY2VRM
uLMIY2VRM,uLMIY2VRM
uLMIY2VRM,uLMIY2VRM
uLMIY2VRM,uLMIY2VRM
uQSMQFMTA,uQSMQFMTA
uQSMQFMTA,uQSMQFMTA
uQSMQFMTA,uQSMQFMTA
uDZPXLNGR,uDZPXLNGR
uDZPXLNGR,uDZPXLNGR
uDZPXLNGR,uDZPXLNGR
uDZPXLNGR,uDZPXLNGR
uDZPXLNGR,uDZPXLNGR
u351ULXLA,u351ULXLA
u351ULXLA,u351ULXLA
u351ULXLA,u351ULXLA
uQHC0FIOI,uQHC0FIOI
uMLLCZHGM,uMLLCZHGM
uMLLCZHGM,uMLLCZHGM
uMLLCZHGM,uMLLCZHGM
uR1WBZNFC,uR1WBZNFC
uW0EC4CDE,uW0EC4CDE
uW0EC4CDE,uW0EC4CDE
uW0EC4CDE,uW0EC4CDE
uW0EC4CDE,uW0EC4CDE
u1OVXCZDQ,u1OVXCZDQ
u1OVXCZDQ,u1OVXCZDQ
u1OVXCZDQ,u1OVXCZDQ
uI43KI0BQ,uI43KI0BQ
uI43KI0BQ,uI43KI0BQ
uI43KI0BQ,uI43KI0BQ
uI43KI0BQ,uI43KI0BQ
u5KYVETMJ,u5KYVETMJ
uNEGOH2PV,uLUCYHYF4
u35111H20,u35111H20
u35111H20,u35111H20
u35111H20,u35111H20
u35111H20,u35111H20
u35111H20,u35111H20
u35111H20,u35111H20
u35111H20,u35111H20
u35111H20,u35111H20
u35111H20,u35111H20
u35111H20,u35111H20
uY02QG0TE,uY02QG0TE
uY02QG0TE,uY02QG0TE
uM1U5GQGV,uM1U5GQGV
uRUW0B0R,uRUW0B0R
uQSMQFMTA,uQSMQFMTA
u1OVXCZDQ,u1OVXCZDQ
u1OVXCZDQ,u1OVXCZDQ
uYC33ANKT,uYC33ANKT
u1OVXCZDQ,u1OVXCZDQ
uRSRVYDI0,uRSRVYDI0
uI43OCPLH,uI43OCPLH
uI43OCPLH,uI43OCPLH
uZXK2DD4W,uZXK2DD4W
uZXK2DD4W,uZXK2DD4W
uZXK2DD4W,uZXK2DD4W
uJWAAKU2Z,uJWAAKU2Z
uJWAAKU2Z,uJWAAKU2Z
uTZ5BZK1A,uTZ5BZK1A
u1CIRQUB1,u1CIRQUB1
u1CIRQUB1,u1CIRQUB1
u1CIRQUB1,u1CIRQUB1
u1CIRQUB1,u1CIRQUB1
u1CIRQUB1,u1CIRQUB1
uZDQX32PE,uZDQX32PE
uS5WHX4GX,uS5WHX4GX
uS5WHX4GX,uS5WHX4GX
uPKFK0EKM,uPKFK0EKM
uGS3VB3HS,uGS3VB3HS
uGS3VB3HS,uGS3VB3HS
uNEGKN1TU,uNEGKN1TU
uNEGKN1TU,uNEGKN1TU
uNEGKN1TU,uNEGKN1TU
uNEGKN1TU,uNEGKN1TU
uLUCOBG3W,uLUCOBG3W
uLUCOBG3W,uLUCOBG3W
uLUCOBG3W,uLUCOBG3W
uLUCOBG3W,uLUCOBG3W
uLUCOBG3W,uLUCOBG3W
uQZ0E2VNA,uQZ0E2VNA
uQZ0E2VNA,uQZ0E2VNA
uQZ0E2VNA,uQZ0E2VNA
uQZ0E2B5Q,uQZ0E2B5Q
uQZ0E2B5Q,uQZ0E2B5Q
uFAVJBLX,uFAVJBLX
uJ2OAEDUG,uJ2OAEDUG
uHQYSS3RE,uHQYSS3RE
u3JHZEW5V,u3JHZEW5V
u3JHZEW5V,u3JHZEW5V
u3JHZEW5V,u3JHZEW5V
uCBTJJENF,uCBTJJENF
uB5NMTR41,uB5NMTR41
uB5NMTR41,uB5NMTR41
uB5NMTR41,uB5NMTR41
uTZ5BX1I4,uTZ5BX1I4
uTZ5BX1I4,uTZ5BX1I4
uTZ5HTT2A,uTZ5HTT2A
uTZ5HTT2A,uTZ5HTT2A
uDZPXAFJC,uDZPXAFJC
uP2ZO0KGV,uP2ZO0KGV
uP2ZO0KGV,uP2ZO0KGV
uP2ZO0KGV,uP2ZO0KGV
uGL4NKUGN,uGL4NKUGN
uB4GRDSFM,uB4GRDSFM
uB4GRDSFM,uB4GRDSFM
uB4GRDSFM,uB4GRDSFM
uB4GRDSFM,uB4GRDSFM
uB5NMTR41,uB5NMTR41
uB5NMTR41,uB5NMTR41
u1OVXCZDQ,u1OVXCZDQ
u1OVXCZDQ,u1OVXCZDQ
uJWAAKU2Z,uJWAAKU2Z
uJWAAKU2Z,uJWAAKU2Z
uJWAAKU2Z,uJWAAKU2Z
uJWAAKU2Z,uJWAAKU2Z
uQZ0USWL0,uQZ0USWL0
uQZ0USWL0,uQZ0USWL0
u1CR2MHCR,u1CR2MHCR
uYC3E4VZ3,uYC3E4VZ3
uYC3E4VZ3,uYC3E4VZ3
uYC3E4VZ3,uYC3E4VZ3
uYC3E4VZ3,uYC3E4VZ3
uUPWPUFRB,uUPWPUFRB
uUPWPUFRB,uUPWPUFRB
uNEGKPGJC,uNEGKPGJC
uPKFGBP2M,uPKFGBP2M
uPKFGBP2M,uPKFGBP2M
uPKFGBP2M,uPKFGBP2M
uPKFGBP2M,uPKFGBP2M
uPKFGBP2M,uPKFGBP2M
uPKFGBP2M,uPKFGBP2M
uPKFGBP2M,uPKFGBP2M
uPKFGBP2M,uPKFGBP2M
uMLLHTUTO,uMLLHTUTO
uMLLHTUTO,uMLLHTUTO
uMLLHTUTO,uMLLHTUTO
uMLLHTUTO,uMLLHTUTO
uDZPXLNGR,uDZPXLNGR
uDZPXLNGR,uDZPXLNGR
uM1UWRUT3,uM1UWRUT3
uDZPXLNGR,uDZPXLNGR
uDZPXLNGR,uDZPXLNGR
uDZPXLNGR,uDZPXLNGR
uDZPXLNGR,uDZPXLNGR
u0VPB1KDC,u0VPB1KDC
u0VPB1KDC,u0VPB1KDC
uDGURANQR,uDGURANQR
uDGURANQR,uDGURANQR
uDGURANQR,uDGURANQR
uGL4NKUGN,uGL4NKUGN
uGL4NKUGN,uGL4NKUGN
uGL4NKUGN,uGL4NKUGN
uRLODOJHS,uRLODOJHS
uRLODOJHS,uRLODOJHS
uRLODOJHS,uRLODOJHS
uHRVMKBCX,uHRVMKBCX
uHRVMKBCX,uHRVMKBCX
uDGUX4NHD,uDGUX4NHD
uDGUX4NHD,uDGUX4NHD
uDGUX4NHD,uDGUX4NHD
uDGUX4NHD,uDGUX4NHD
uDGUX4NHD,uDGUX4NHD
uDGUX4NHD,uDGUX4NHD
uDGUX4NHD,uDGUX4NHD
uVEQCLGNH,uVEQCLGNH
uVEQCLGNH,uVEQCLGNH
uZXYXY54T,uZXYXY54T
uZXYXY54T,uZXYXY54T
uDZPXLNGR,uDZPXLNGR
uI43GGJRM,uI43GGJRM
uI43GGJRM,uI43GGJRM
uI43GGJRM,uI43GGJRM
uI43GGJRM,uI43GGJRM
uB4HPMGDJ,uB4HPMGDJ
uBIDRF3VX,uBIDRF3VX
uBIDRF3VX,uBIDRF3VX
uVT4HTLNX,uVT4HTLNX
uVT4HTLNX,uVT4HTLNX
uLCMYUOOK,uLCMYUOOK
uLCMYUOOK,uLCMYUOOK
uQZ0E2B5Q,uQZ0E2B5Q
uQZ0E2B5Q,uQZ0E2B5Q
uQZ0E2B5Q,uQZ0E2B5Q
uQZ0E2B5Q,uQZ0E2B5Q
uGL4NKUGN,uGL4NKUGN
uGL4NKUGN,uGL4NKUGN
uP2ZO0KGV,uP2ZO0KGV
u0VPNYOH4,u0VPNYOH4
uHQYBFV2E,uHQYBFV2E
uHQYBFV2E,uHQYBFV2E
uHQYBFV2E,uHQYBFV2E
uHQYBFV2E,uHQYBFV2E
uHQYBFV2E,uHQYBFV2E
uHQYBFV2E,uHQYBFV2E
uHQYBFV2E,uHQYBFV2E
uZDQRQQOL,uHQYBFV2E
uMLLCZHGM,uMLLCZHGM
uMLLCZHGM,uMLLCZHGM
uMLLCZHGM,uMLLCZHGM
uMLLCZHGM,uMLLCZHGM
uMLLCZHGM,uMLLCZHGM
uTS2GPGVY,uTS2GPGVY
uPKFNBO1L,uPKFNBO1L
uR1WYPC02,uR1WYPC02
uR1WYPC02,uR1WYPC02
uR1WYPC02,uR1WYPC02
uR1WYPC02,uR1WYPC02
uZNJAM31Q,uZNJAM31Q
uZNJAM31Q,uZNJAM31Q
uZNJAM31Q,uZNJAM31Q
uZNJAM31Q,uZNJAM31Q
uZNJARMRK,uZNJARMRK
uQZ0QASGS,uQZ0QASGS
uQZ0QASGS,uQZ0QASGS
uI43LS2HG,uI43LS2HG
uI43LS2HG,uI43LS2HG
uI43LS2HG,uI43LS2HG
uI43LS2HG,uI43LS2HG
uI43LS2HG,uI43LS2HG
uI43LS2HG,uI43LS2HG
u3FT1ZHDA,u3FT1ZHDA
u3FT1ZHDA,u3FT1ZHDA
u3FT1ZHDA,u3FT1ZHDA
u3FT1ZHDA,u3FT1ZHDA
u3FT1ZHDA,u3FT1ZHDA
uVEQLXCQB,uVEQLXCQB
uNEGKN1TU,uNEGKN1TU
uNEGKN1TU,uNEGKN1TU
uNEGKN1TU,uNEGKN1TU
uMLLLX1ZC,uMLLLX1ZC
uMLLLX1ZC,uMLLLX1ZC
uFACARBI,uFACARBI
uFACARBI,uFACARBI
uFACARBI,uFACARBI
uFACARBI,uFACARBI
uFACARBI,uFACARBI
u351Z5BYV,u351Z5BYV
u1CIXF1MB,u1CIXF1MB
uDSLZ1LN,uDSLZ1LN
uDSLZ1LN,uDSLZ1LN
uQSMQFMTA,uQSMQFMTA
uQSMQFMTA,uQSMQFMTA
uQSMQFMTA,uQSMQFMTA
uRSRK1I0U,uRSRK1I0U
uRSRK1I0U,uRSRK1I0U
u1OVXCZDQ,u1OVXCZDQ
uHJXBLEZY,uHJXBLEZY
uHJXBLEZY,uHJXBLEZY
uHJXBLEZY,uHJXBLEZY
uHJXBLEZY,uHJXBLEZY
uHJXBLEZY,uHJXBLEZY
uHJXBLEZY,uHJXBLEZY
uHJXBLEZY,uHJXBLEZY
uHJXBLEZY,uHJXBLEZY
u1OVXCZDQ,u1OVXCZDQ
u1OVXCZDQ,u1OVXCZDQ
u1OVXCZDQ,u1OVXCZDQ
u1OVXCZDQ,u1OVXCZDQ
uNEGKN1TU,uNEGKN1TU
uNEGKN1TU,uNEGKN1TU
uNEGKN1TU,uNEGKN1TU
uNEGKN1TU,uNEGKN1TU
uNEGKN1TU,uNEGKN1TU
uFACOEAE,uFACOEAE
uFACOEAE,uFACOEAE
uFACOEAE,uFACOEAE
uFACOEAE,uFACOEAE
uFACOEAE,uFACOEAE
uFACOEAE,uFACOEAE
uMMSBP0QO,uFACOEAE
uRSRDCMDO,uRSRDCMDO
uRSRDCMDO,uRSRDCMDO
uRSRDCMDO,uRSRDCMDO
uJWAAKU2Z,uJWAAKU2Z
uJWAAKU2Z,uJWAAKU2Z
uJWAAKU2Z,uJWAAKU2Z
uYC3E1AEE,uYC3E1AEE
uOQZ3FQNF,uOQZ3FQNF
uOQZ3FQNF,uOQZ3FQNF
uOQZ3FQNF,uOQZ3FQNF
uOQZ3FQNF,uOQZ3FQNF
uQZ03QXEY,uQZ03QXEY
uQZ03QXEY,uQZ03QXEY
uQZ03QXEY,uQZ03QXEY
uLUCOBG3W,uLUCOBG3W
uLUCOBG3W,uLUCOBG3W
uVGJCWKL0,uVGJCWKL0
uVGJCWKL0,uVGJCWKL0
u1OVXCZDQ,u1OVXCZDQ
uM1U0BTOI,uM1U0BTOI
uM1U0BTOI,uM1U0BTOI
uM1U0BTOI,uM1U0BTOI
uM1U0BTOI,uM1U0BTOI
uM1U0BTOI,uM1U0BTOI
uM1U0BTOI,uM1U0BTOI
uB5NMTR41,uB5NMTR41
uB5NMTR41,uB5NMTR41
u5KYVETMJ,u5KYVETMJ
u5KYVETMJ,u5KYVETMJ
uLUCOBG3W,uLUCOBG3W
uLUCOBG3W,uLUCOBG3W
uJWAAKU2Z,uJWAAKU2Z
uB5N4IZQH,uB5N4IZQH
uB5N4IZQH,uB5N4IZQH
uB5N4IZQH,uB5N4IZQH
uB5N4IZQH,uB5N4IZQH
uB5N4IZQH,uB5N4IZQH
uB5N4IZQH,uB5N4IZQH
uB5N4IZQH,uB5N4IZQH
uI43O03YQ,uB5N4IZQH
uJWAAKU2Z,uJWAAKU2Z
uJWAAKU2Z,uJWAAKU2Z
uB5NF0V3U,uB5NF0V3U
u02L411ZF,u02L411ZF
uDGURJQFB,uDGURJQFB
uDGURJQFB,uDGURJQFB
uDGURJQFB,uDGURJQFB
uDGURJQFB,uDGURJQFB
uDGURJQFB,uDGURJQFB
uW0EC2SVV,uW0EC2SVV
uDGURANQR,uDGURANQR
uDGURANQR,uDGURANQR
uDGURANQR,uDGURANQR
uDGURANQR,uDGURANQR
uDGURANQR,uDGURANQR
uII5JUK14,uII5JUK14
uNEGKN1TU,uNEGKN1TU
uNEGKN1TU,uNEGKN1TU
uNEGKN1TU,uNEGKN1TU
uNEGKN1TU,uNEGKN1TU
uNEGKN1TU,uNEGKN1TU
uNEGKN1TU,uNEGKN1TU
uNEGKN1TU,uNEGKN1TU
uNEGKN1TU,uNEGKN1TU
uCBTC2ZJL,uLUCYHYF4
uPKFKNT2X,uPKFKNT2X
uPKFKNT2X,uPKFKNT2X
uPKFKNT2X,uPKFKNT2X
uPKFKNT2X,uPKFKNT2X
uLCMDX5QA,uLCMDX5QA
uGL4NKUGN,uGL4NKUGN
uGL4NKUGN,uGL4NKUGN
uGL4NKUGN,uGL4NKUGN
uJWAIF3CD,uJWAIF3CD
uPKFJNMWD,uPKFJNMWD
uPKFJNMWD,uPKFJNMWD
uPKFJNMWD,uPKFJNMWD
uPKFJNMWD,uPKFJNMWD
uPKFJNMWD,uPKFJNMWD
u5KY51P4B,u5KY51P4B
u5KY51P4B,u5KY51P4B
uJ2O0BBAC,uJ2O0BBAC
uJ2O0BBAC,uJ2O0BBAC
uKB513WB0,uKB513WB0
uKB513WB0,uKB513WB0
u3JHEIRFB,u3JHEIRFB
u3JHEIRFB,u3JHEIRFB
uRSRHV2P0,uRSRHV2P0
uPVDWOREI,uPVDWOREI
uPVDWOREI,uPVDWOREI
uPVDWOREI,uPVDWOREI
uAHFK3XB5,uAHFK3XB5
u0YUPXBVX,u0YUPXBVX
uWWBLPPEN,uWWBLPPEN
uWWBLPPEN,uWWBLPPEN
uWWBLPPEN,uWWBLPPEN
uWWBLPPEN,uWWBLPPEN
uZQXRWAKW,uWWBLPPEN
u1OVXCZDQ,u1OVXCZDQ
u1OVXCZDQ,u1OVXCZDQ
u1OVXCZDQ,u1OVXCZDQ
u1OVXCZDQ,u1OVXCZDQ
u1OVXCZDQ,u1OVXCZDQ
uVEQW1QSQ,uVEQW1QSQ
uVEQW1QSQ,uVEQW1QSQ
uVEQW1QSQ,uVEQW1QSQ
uVEQW1QSQ,uVEQW1QSQ
uP2ZO0KGV,uP2ZO0KGV
uP2ZO0KGV,uP2ZO0KGV
uHRVF3NBM,uHRVF3NBM
uHRVF3NBM,uHRVF3NBM
uNEGKN1TU,uNEGKN1TU
uNEGKN1TU,uNEGKN1TU
uNEGKN1TU,uNEGKN1TU
uMLLCZHGM,uMLLCZHGM
uJWAAKU2Z,uJWAAKU2Z
uP2ZO0KGV,uP2ZO0KGV
uP2ZO0KGV,uP2ZO0KGV
uP2ZO0KGV,uP2ZO0KGV
uP2ZO0KGV,uP2ZO0KGV
uRSRDOVYW,uRSRDOVYW
uRSRDOVYW,uRSRDOVYW
uRSRDOVYW,uRSRDOVYW
uJ2OIQ3GW,uJ2OIQ3GW
u02LPXXEB,u02LPXXEB
uDZPXLNGR,uDZPXLNGR
uDZPXLNGR,uDZPXLNGR
uKB5QQZ05,uKB5QQZ05
uKB5QQZ05,uKB5QQZ05
uFAG1G5Q,uFAG1G5Q
u5KYVOWVR,u5KYVOWVR
u5KYVOWVR,u5KYVOWVR
u5KYVOWVR,u5KYVOWVR
u5KYVOWVR,u5KYVOWVR
u5KYVOWVR,u5KYVOWVR
uQHC0FIOI,uQHC0FIOI
uVEQLXCQB,uVEQLXCQB
u02LNW2KV,u02LNW2KV
uZNJILIFJ,uZNJILIFJ
uR1WOTA3H,uZNJILIFJ
uI43OO3N5,uI43OO3N5
uI43OO3N5,uI43OO3N5
uI43OO3N5,uI43OO3N5
uJWAA5O01,uJWAA5O01
uJWAA5O01,uJWAA5O01
uJWAA5O01,uJWAA5O01
uUPW4KE2X,uUPW4KE2X
uVT4JJ00Z,uVT4JJ00Z
uI43HDKM1,uI43HDKM1
uI43HDKM1,uI43HDKM1
uFADO14A,uFADO14A
uGL4PIQRC,uGL4PIQRC
uLMIYNDFP,uLMIYNDFP
uLMIYNDFP,uLMIYNDFP
uLMIYNDFP,uLMIYNDFP
uRLOBI0OU,uRLOBI0OU
uHJXT5QAG,uHJXT5QAG
uCBTBNLS0,uCBTBNLS0
uCBTBNLS0,uCBTBNLS0
uPA3J5LHG,uPA3J5LHG
uDZPXLNGR,uDZPXLNGR
uDZPXLNGR,uDZPXLNGR
uDZPXLNGR,uDZPXLNGR
uLMIHBRXO,uLMIHBRXO
uLMIHBRXO,uLMIHBRXO
uLMIHBRXO,uLMIHBRXO
uLMIHBRXO,uLMIHBRXO
uLMIHBRXO,uLMIHBRXO
uLMIHBRXO,uLMIHBRXO
uLMIHBRXO,uLMIHBRXO
uLMIHBRXO,uLMIHBRXO
uLMIHBRXO,uLMIHBRXO
uLMIHBRXO,uLMIHBRXO
uLMIHBRXO,uLMIHBRXO
uLMIHBRXO,uLMIHBRXO
uLMIHBRXO,uLMIHBRXO
uLMIHBRXO,uLMIHBRXO
uLMIHBRXO,uLMIHBRXO
uLMIHBRXO,uLMIHBRXO
uLMIHBRXO,uLMIHBRXO
uLMIHBRXO,uLMIHBRXO
uLMIHBRXO,uLMIHBRXO
uLMIHBRXO,uLMIHBRXO
uLMIHBRXO,uLMIHBRXO
uLMIHBRXO,uLMIHBRXO
uLMIHBRXO,uLMIHBRXO
uLMIHBRXO,uLMIHBRXO
uLMIHBRXO,uLMIHBRXO
uLMIHBRXO,uLMIHBRXO
uLMIHBRXO,uLMIHBRXO
uLMIHBRXO,uLMIHBRXO
uLMIHBRXO,uLMIHBRXO
uLMIHBRXO,uLMIHBRXO
uLMIHBRXO,uLMIHBRXO
uLMIHBRXO,uLMIHBRXO
uLMIHBRXO,uLMIHBRXO
uLMIHBRXO,uLMIHBRXO
uLMIHBRXO,uLMIHBRXO
uLMIHBRXO,uLMIHBRXO
uLMIHBRXO,uLMIHBRXO
uLMIHBRXO,uLMIHBRXO
uDGURANQR,uDGURANQR
uDGURANQR,uDGURANQR
uDGURANQR,uDGURANQR
uDGURANQR,uDGURANQR
uP2ZO0KGV,uP2ZO0KGV
uP2ZO0KGV,uP2ZO0KGV
uP2ZO0KGV,uP2ZO0KGV
uDSWAODR,uDSWAODR
uDSWAODR,uDSWAODR
uVEQLXCQB,uVEQLXCQB
uVEQLXCQB,uVEQLXCQB
uZND2DPYO,uZND2DPYO
u1OVXCZDQ,u1OVXCZDQ
u1OVXCZDQ,u1OVXCZDQ
u1OVXCZDQ,u1OVXCZDQ
u1OVXCZDQ,u1OVXCZDQ
u1OVXCZDQ,u1OVXCZDQ
uKPKZRBUU,uKPKZRBUU
uM1U0BTOI,uM1U0BTOI
uDZPXLNGR,uDZPXLNGR
u3JL2BD5J,u3JL2BD5J
u3JL2BD5J,u3JL2BD5J
u0VPJNH0M,u0VPJNH0M
uNEGKN1TU,uNEGKN1TU
uNEGKN1TU,uNEGKN1TU
uNEGKN1TU,uNEGKN1TU
uNEGKN1TU,uNEGKN1TU
uNEGKN1TU,uNEGKN1TU
uNEGKN1TU,uNEGKN1TU
uNEGKN1TU,uNEGKN1TU
uNEGKN1TU,uNEGKN1TU
uNEGKN1TU,uNEGKN1TU
uNEGKN1TU,uNEGKN1TU
uDZPXLNGR,uDZPXLNGR
uDZPXLNGR,uDZPXLNGR
uW0EGCZMU,uW0EGCZMU
uW0EGCZMU,uW0EGCZMU
uTZ5CKM5N,uTZ5CKM5N
uR1WBKVFY,uR1WBKVFY
uR1WBKVFY,uR1WBKVFY
uWYNGNMFZ,uWYNGNMFZ
uWYNGNMFZ,uWYNGNMFZ
u3JHZCS1A,u3JHZCS1A
u3JHZCS1A,u3JHZCS1A
u3JHZCS1A,u3JHZCS1A
uHJXSMPBB,uHJXSMPBB
uHJXSMPBB,uHJXSMPBB
uHJXSMPBB,uHJXSMPBB
uHJXSMPBB,uHJXSMPBB
uHJXSMPBB,uHJXSMPBB
uHJXSMPBB,uHJXSMPBB
uHJXSMPBB,uHJXSMPBB
uHJXSMPBB,uHJXSMPBB
uHJXSMPBB,uHJXSMPBB
uHJXSMPBB,uHJXSMPBB
uDSDFI5U,uDSDFI5U
uDSDFI5U,uDSDFI5U
uDSDFI5U,uDSDFI5U
uDSDFI5U,uDSDFI5U
uDSDFI5U,uDSDFI5U
uDSDFI5U,uDSDFI5U
uDZPXLNGR,uDZPXLNGR
uDZPXLNGR,uDZPXLNGR
uVGJCWKL0,uVGJCWKL0
uVGJCWKL0,uVGJCWKL0
uVGJCWKL0,uVGJCWKL0
uVGJCWKL0,uVGJCWKL0
u1OVXCZDQ,u1OVXCZDQ
u1OVXCZDQ,u1OVXCZDQ
u1OVXCZDQ,u1OVXCZDQ
u1OVXCZDQ,u1OVXCZDQ
u1OVXCZDQ,u1OVXCZDQ
uB5FIULFW,uB5FIULFW
uB5FIULFW,uB5FIULFW
uB5FIULFW,uB5FIULFW
uB5FIULFW,uB5FIULFW
uB5FIULFW,uB5FIULFW
uB5FIULFW,uB5FIULFW
uB5FIULFW,uB5FIULFW
uB5FIULFW,uB5FIULFW
uB5FIULFW,uB5FIULFW
uTS2HYFX4,uTS2HYFX4
uTS2HYFX4,uTS2HYFX4
uTS2HYFX4,uTS2HYFX4
uZXYXO14Q,uZXYXO14Q
uVEQCM2TE,uVEQCM2TE
uKB510IO4,uKB510IO4
uKB510IO4,uKB510IO4
uKB510IO4,uKB510IO4
uKB510IO4,uKB510IO4
uZXKT0TTX,uZXKT0TTX
uZXKT0TTX,uZXKT0TTX
u1OVX3N55,u1OVX3N55
u1OVX3N55,u1OVX3N55
u1OVX3N55,u1OVX3N55
uDZPXLNGR,uDZPXLNGR
u3JHZFJ4U,u3JHZFJ4U
uVGJWSRQZ,uVGJWSRQZ
uVGJWSRQZ,uVGJWSRQZ
uVGJWSRQZ,uVGJWSRQZ
uONPVLH5P,uONPVLH5P
uONPVLH5P,uONPVLH5P
uONP5KK5Z,uONP5KK5Z
uONP5KK5Z,uONP5KK5Z
uVEQW1QSQ,uVEQW1QSQ
uVEQW1QSQ,uVEQW1QSQ
uY02ZKAWQ,uY02ZKAWQ
uY02ZKAWQ,uY02ZKAWQ
uY02ZKAWQ,uY02ZKAWQ
uY02ZKAWQ,uY02ZKAWQ
u02LNWPCJ,u02LNWPCJ
uB5NFJ2UW,uB5NFJ2UW
uB5NFJ2UW,uB5NFJ2UW
uTZ5B021J,uTZ5B021J
uDZPXLNGR,uDZPXLNGR
uDZPXLNGR,uDZPXLNGR
uNEGKN1TU,uNEGKN1TU
uNEGKN1TU,uNEGKN1TU
uNEGKN1TU,uNEGKN1TU
uDZPXLNGR,uDZPXLNGR
uDZPXLNGR,uDZPXLNGR
uDZPXLNGR,uDZPXLNGR
uDZPXLNGR,uDZPXLNGR
uDZPXLNGR,uDZPXLNGR
uDZPXLNGR,uDZPXLNGR
u0VPB1KDC,u0VPB1KDC
u0VPB1KDC,u0VPB1KDC
u0VPB1KDC,u0VPB1KDC
u0VPB1KDC,u0VPB1KDC
u0VPB1KDC,u0VPB1KDC
uDZPXLNGR,uDZPXLNGR
uHRVMKBCX,uHRVMKBCX
uDZPXLNGR,uDZPXLNGR
uDZPXLNGR,uDZPXLNGR
uDZPXLNGR,uDZPXLNGR
uB4H4DHII,uB4H4DHII
uB4H4DHII,uB4H4DHII
uDZPXEMKZ,uDZPXEMKZ
uDZPXEMKZ,uDZPXEMKZ
uQHC3ZA3J,uQHC3ZA3J
uQHC3ZA3J,uQHC3ZA3J
uQHC3ZA3J,uQHC3ZA3J
uQHC3ZA3J,uQHC3ZA3J
uONP5KK5Z,uONP5KK5Z
uONP5KK5Z,uONP5KK5Z
uONP5KK5Z,uONP5KK5Z
uONP5KK5Z,uONP5KK5Z
uDGURANQR,uDGURANQR
uDGURANQR,uDGURANQR
uDGURANQR,uDGURANQR
uDGURANQR,uDGURANQR
u1CRMBHGB,u1CRMBHGB
u1CRMBHGB,u1CRMBHGB
uONP5KK5Z,uONP5KK5Z
uONP5KK5Z,uONP5KK5Z
uONP5KK5Z,uONP5KK5Z
uCBTDGIXD,uCBTDGIXD
uRLOBYAPP,uRLOBYAPP
uRLOBYAPP,uRLOBYAPP
uRLOBYAPP,uRLOBYAPP
uGL4NKUGN,uGL4NKUGN
uGL4NKUGN,uGL4NKUGN
uHQYBMB3P,uHQYBMB3P
uHQYBMB3P,uHQYBMB3P
uHQYBMB3P,uHQYBMB3P
uW0EWIKHC,uW0EWIKHC
u3FTERPFK,u3FTERPFK
u1OVXCZDQ,u1OVXCZDQ
uMMSC2RUB,uMMSC2RUB
uHJXSKH3E,uHJXSKH3E
uHJXSKH3E,uHJXSKH3E
uHJXSKH3E,uHJXSKH3E
uHJXSKH3E,uHJXSKH3E
uHJXSKH3E,uHJXSKH3E
u0AGJN53O,u0AGJN53O
u0AGJN53O,u0AGJN53O
u0AGJN53O,u0AGJN53O
uKB5UISBD,uKB5UISBD
uBIBFM2S1,uBIBFM2S1
u1CR2G4OJ,u1CR2G4OJ
u1CR2G4OJ,u1CR2G4OJ
uY02ZKAWQ,uY02ZKAWQ
uY02ZKAWQ,uY02ZKAWQ
uY02ZKAWQ,uY02ZKAWQ
uY02ZKAWQ,uY02ZKAWQ
uY02ZKAWQ,uY02ZKAWQ
uY02ZKAWQ,uY02ZKAWQ
uY02ZKAWQ,uY02ZKAWQ
uY02ZKAWQ,uY02ZKAWQ
uY02ZKAWQ,uY02ZKAWQ
uY02ZKAWQ,uY02ZKAWQ
u0AGSY5UZ,u0AGSY5UZ
uM1UVKRBX,uM1UVKRBX
uM1UVKRBX,uM1UVKRBX
uR1WG4XHM,uR1WG4XHM
uR1WG4XHM,uR1WG4XHM
uR1WG4XHM,uR1WG4XHM
uR1WYPC02,uR1WYPC02
uR1WYPC02,uR1WYPC02
uR1WYPC02,uR1WYPC02
uJ2OILTPF,uJ2OILTPF
uJ2OILTPF,uJ2OILTPF
uJ2OILTPF,uJ2OILTPF
uB5FIIRYE,uB5FIIRYE
uB5FIIRYE,uB5FIIRYE
uB5NNF1XD,uB5NNF1XD
uB5NNF1XD,uB5NNF1XD
uB5NNF1XD,uB5NNF1XD
uB5NNF1XD,uB5NNF1XD
uGL4NKUGN,uGL4NKUGN
uHQYMYUF5,uHQYMYUF5
uEMBE5RPM,uEMBE5RPM
u1O5F5OYJ,u1O5F5OYJ
uMMSW1P0S,uMMSW1P0S
uMMSW1P0S,uMMSW1P0S
uVEQCRZFM,uVEQCRZFM
uVEQCRZFM,uVEQCRZFM
uY02EDHZL,uY02EDHZL
uY02EDHZL,uY02EDHZL
uY02EDHZL,uY02EDHZL
uATZFNZDY,uATZFNZDY
uATZFNZDY,uATZFNZDY
uM1U0BTOI,uM1U0BTOI
uM1U0BTOI,uM1U0BTOI
uM1U0BTOI,uM1U0BTOI
uM1U0BTOI,uM1U0BTOI
uM1U0BTOI,uM1U0BTOI
uM1U0BTOI,uM1U0BTOI
uM1U0BTOI,uM1U0BTOI
uM1U0BTOI,uM1U0BTOI
uM1U0BTOI,uM1U0BTOI
uM1U0BTOI,uM1U0BTOI
uM1U0BTOI,uM1U0BTOI
uM1U0BTOI,uM1U0BTOI
uHJXGQSOA,uHJXGQSOA
u3FTEEUDH,u3FTEEUDH
u3FTEEUDH,u3FTEEUDH
uKPK1C0JA,uKPK1C0JA
uKPK1C0JA,uKPK1C0JA
u5KYWI2PV,u5KYWI2PV
u1OVXCZDQ,u1OVXCZDQ
u5KYVOCXP,u5KYVOCXP
u5KYVOCXP,u5KYVOCXP
u1OVXCZDQ,u1OVXCZDQ
u1OVXCZDQ,u1OVXCZDQ
uGL4NKUGN,uGL4NKUGN
uGL4NKUGN,uGL4NKUGN
uZXYRJQ4W,uZXYRJQ4W
uZXYRJQ4W,uZXYRJQ4W
u0YUP1VF4,u0YUP1VF4
u0YUP1VF4,u0YUP1VF4
uLUCGST3X,uLUCGST3X
uLUCGST3X,uLUCGST3X
uLUCGST3X,uLUCGST3X
uII5DQIOR,uII5DQIOR
uP2ZY3JNN,uP2ZY3JNN
uP2ZY3JNN,uP2ZY3JNN
uP2ZY3JNN,uP2ZY3JNN
uB5FIULFW,uB5FIULFW
uB5FIULFW,uB5FIULFW
uB5FIULFW,uB5FIULFW
uB5FIULFW,uB5FIULFW
uB5FIULFW,uB5FIULFW
u1OVXCZDQ,u1OVXCZDQ
u1OVXCZDQ,u1OVXCZDQ
uZNJARMRK,uZNJARMRK
uJ2OAEDUG,uJ2OAEDUG
uNEGKN1TU,uNEGKN1TU
uNEGKN1TU,uNEGKN1TU
uNEGKN1TU,uNEGKN1TU
uNEGKN1TU,uNEGKN1TU
uONPVUFXM,uONPVUFXM
u0VPT4WWT,u0VPT4WWT
u0VPT4WWT,u0VPT4WWT
u0VPT4WWT,u0VPT4WWT
uOQZ51SVR,uOQZ51SVR
uOQZ51SVR,uOQZ51SVR
uOQZ51SVR,uOQZ51SVR
uOQZ3N3SS,uOQZ3N3SS
u3FT3ZEGL,u3FT3ZEGL
u3FT3ZEGL,u3FT3ZEGL
uWWBL3LPZ,uWWBL3LPZ
uWWBL3LPZ,uWWBL3LPZ
uWWBL3LPZ,uWWBL3LPZ
uWWBL3LPZ,uWWBL3LPZ
uWWBL3LPZ,uWWBL3LPZ
uWWBL3LPZ,uWWBL3LPZ
uWWBL3LPZ,uWWBL3LPZ
uWWBL3LPZ,uWWBL3LPZ
uDZPXLNGR,uDZPXLNGR
uDZPXLNGR,uDZPXLNGR
uDZPXLNGR,uDZPXLNGR
u0AGSY5UZ,u0AGSY5UZ
u0AGSY5UZ,u0AGSY5UZ
uHRVTXR3O,uHRVTXR3O
uHRVTXR3O,uHRVTXR3O
uMLLWWTFU,uMLLWWTFU
u1OVXCZDQ,u1OVXCZDQ
u1OVXCZDQ,u1OVXCZDQ
u1OVXCZDQ,u1OVXCZDQ
u1OVXCZDQ,u1OVXCZDQ
u1CIXFY1N,u1CIXFY1N
u1CIXFY1N,u1CIXFY1N
u1CIXFY1N,u1CIXFY1N
uBK1FVUGF,uBK1FVUGF
uBK1FVUGF,uBK1FVUGF
uVEQW1QSQ,uVEQW1QSQ
uGL4NKUGN,uGL4NKUGN
uGL4NKUGN,uGL4NKUGN
uGL4NKUGN,uGL4NKUGN
uGL4NKUGN,uGL4NKUGN
uGL4NKUGN,uGL4NKUGN
uGL4NKUGN,uGL4NKUGN
uGL4NKUGN,uGL4NKUGN
uONP5KK5Z,uONP5KK5Z
uHJXTSSXP,uHJXTSSXP
uHJXTSSXP,uHJXTSSXP
uHJXTSSXP,uHJXTSSXP
uHJXTSSXP,uHJXTSSXP
uHJXTSSXP,uHJXTSSXP
uEMBE5RPM,uEMBE5RPM
uEMBE5RPM,uEMBE5RPM
uQSMWFTTW,uQSMWFTTW
u1OVXCZDQ,u1OVXCZDQ
uW0EKQ3VV,uW0EKQ3VV
uK3RR4BGU,uK3RR4BGU
uK3RR4BGU,uK3RR4BGU
uK3RR4BGU,uK3RR4BGU
uDSCBQLA,uDSCBQLA
uDSCBQLA,uDSCBQLA
uDSCBQLA,uDSCBQLA
uDSCBQLA,uDSCBQLA
uZQXILBAP,uZQXILBAP
uZQXILBAP,uZQXILBAP
uDZPXLNGR,uDZPXLNGR
uDSHKMEX,uDSHKMEX
uHQYS0UMC,uHQYS0UMC
uVGJCFYLJ,uVGJCFYLJ
uB4GIKYWK,uB4GIKYWK
uB4GIKYWK,uB4GIKYWK
uB4GIKYWK,uB4GIKYWK
uB4GIKYWK,uB4GIKYWK
uB4GIKYWK,uB4GIKYWK
uB4GIKYWK,uB4GIKYWK
uB4GIKYWK,uB4GIKYWK
uB4GIKYWK,uB4GIKYWK
uB4GIKYWK,uB4GIKYWK
uB4GIKYWK,uB4GIKYWK
uB4GIKYWK,uB4GIKYWK
uB4GIKYWK,uB4GIKYWK
uB4GIKYWK,uB4GIKYWK
uB4GIKYWK,uB4GIKYWK
uDZPXLNGR,uDZPXLNGR
uDSCBQLA,uDSCBQLA
uDSCBQLA,uDSCBQLA
uGL4NKUGN,uGL4NKUGN
uGL4NKUGN,uGL4NKUGN
uZNJIKDWM,uZNJIKDWM
u0AGMOGZ4,u0AGMOGZ4
u0AGMOGZ4,u0AGMOGZ4
u0AGMOGZ4,u0AGMOGZ4
u0AGMOGZ4,u0AGMOGZ4
uB5NF0V3U,uB5NF0V3U
u351IHIHA,uB5NF0V3U
uEMBE5RPM,uEMBE5RPM
uJWAAKU2Z,uJWAAKU2Z
u1OVXCZDQ,u1OVXCZDQ
uHRVMOGBR,uHRVMOGBR
uRSROZ42M,uRSROZ42M
u1OVXCZDQ,u1OVXCZDQ
uDZPXLNGR,uDZPXLNGR
uZXYRFRYK,uZXYRFRYK
uZXYRFRYK,uZXYRFRYK
uZXYRFRYK,uZXYRFRYK
u1OVXCZDQ,u1OVXCZDQ
uQZ0ZDTPT,uQZ0ZDTPT
uHRVMKBCX,uHRVMKBCX
uHRVMKBCX,uHRVMKBCX
uHRVMKBCX,uHRVMKBCX
uHRVMKBCX,uHRVMKBCX
uHRVMKBCX,uHRVMKBCX
uQHC5JVYC,uQHC5JVYC
uQHC5JVYC,uQHC5JVYC
uQHC5JVYC,uQHC5JVYC
uQHC5JVYC,uQHC5JVYC
uQHC5JVYC,uQHC5JVYC
uQHC5JVYC,uQHC5JVYC
uQHC5JVYC,uQHC5JVYC
uQHC5JVYC,uQHC5JVYC
u0YUP1VF4,u0YUP1VF4
uHQYNIPBI,uHQYNIPBI
uWWBBIN3D,uWWBBIN3D
uTZ5BJQ14,uTZ5BJQ14
uATZMBOPO,uATZMBOPO
uATZMBOPO,uATZMBOPO
uVGJCWKL0,uVGJCWKL0
uVGJCWKL0,uVGJCWKL0
uGL4NKUGN,uGL4NKUGN
uHRVMKBCX,uHRVMKBCX
uHRVMKBCX,uHRVMKBCX
uQSM51IN1,uQSM51IN1
uQSM51IN1,uQSM51IN1
u1OVXCZDQ,u1OVXCZDQ
uBIB2ASC2,uBIB2ASC2
uBIB2ASC2,uBIB2ASC2
uBIB2ASC2,uBIB2ASC2
uBIB2ASC2,uBIB2ASC2
u1OVXCZDQ,u1OVXCZDQ
uNEGKN1TU,uNEGKN1TU
uNEGKN1TU,uNEGKN1TU
uNEGKN1TU,uNEGKN1TU
uNEGKN1TU,uNEGKN1TU
uQHC0FIOI,uQHC0FIOI
uB5N4IZQH,uB5N4IZQH
uB5N4IZQH,uB5N4IZQH
uR1WHLRP3,uB5N4IZQH
uFAC0AZC,uFAC0AZC
uFAC0AZC,uFAC0AZC
uFAC0AZC,uFAC0AZC
uFAC0AZC,uFAC0AZC
uFAC0AZC,uFAC0AZC
uFAC0AZC,uFAC0AZC
uMLLWW34N,uMLLWW34N
uMLLWW34N,uMLLWW34N
uMLLWW34N,uMLLWW34N
uMLLWW34N,uMLLWW34N
uMLLWW34N,uMLLWW34N
uMLLWW34N,uMLLWW34N
uWYN54V5N,uWYN54V5N
uTZ5B021J,uTZ5B021J
u1OVXCZDQ,u1OVXCZDQ
u1OVXCZDQ,u1OVXCZDQ
uVEQW1QSQ,uVEQW1QSQ
uB5NMTR41,uB5NMTR41
uB5NMTR41,uB5NMTR41
uGL4T1NG1,uGL4T1NG1
uB4HNHQCA,uB4HNHQCA
uDGURFZZT,uDGURFZZT
uDGURFZZT,uDGURFZZT
uDGURFZZT,uDGURFZZT
uMMSCMFZS,uMMSCMFZS
uMMSCMFZS,uMMSCMFZS
uMMSCMFZS,uMMSCMFZS
uQHC0FIOI,uQHC0FIOI
uEMBU4TP5,uEMBU4TP5
u1OVXCZDQ,u1OVXCZDQ
u1OVXCZDQ,u1OVXCZDQ
u1OVXCZDQ,u1OVXCZDQ
u1OVXCZDQ,u1OVXCZDQ
u1OVXCZDQ,u1OVXCZDQ
u1OVXCZDQ,u1OVXCZDQ
u1OVXCZDQ,u1OVXCZDQ
u1OVXCZDQ,u1OVXCZDQ
u1OVXCZDQ,u1OVXCZDQ
uDZPXLNGR,uDZPXLNGR
uDZPXLNGR,uDZPXLNGR
uDZPXLNGR,uDZPXLNGR
uDZPXLNGR,uDZPXLNGR
u1OVXCZDQ,u1OVXCZDQ
u1OVXCZDQ,u1OVXCZDQ
u1OVXCZDQ,u1OVXCZDQ
u1OVXCZDQ,u1OVXCZDQ
uTZ5BK4XN,uTZ5BK4XN
uB5NTIRMH,uB5NTIRMH
uB5NTIRMH,uB5NTIRMH
uB5NTIRMH,uB5NTIRMH
uB5NTIRMH,uB5NTIRMH
uM1UECTOG,uM1UECTOG
uJ2OAEDUG,uJ2OAEDUG
uJ2OAEDUG,uJ2OAEDUG
uJ2OAEDUG,uJ2OAEDUG
uJ2OAEDUG,uJ2OAEDUG
uJ2OAEDUG,uJ2OAEDUG
uJ2OAEDUG,uJ2OAEDUG
uJ2OAEDUG,uJ2OAEDUG
uHQYYPXOF,uHQYYPXOF
uHQYYPXOF,uHQYYPXOF
uHQYYPXOF,uHQYYPXOF
uHQYYPXOF,uHQYYPXOF
uHQYYPXOF,uHQYYPXOF
uHQYYPXOF,uHQYYPXOF
uHQYYPXOF,uHQYYPXOF
uHQYYPXOF,uHQYYPXOF
u5KYV4BIS,u5KYV4BIS
u5KYV4BIS,u5KYV4BIS
u5KYV4BIS,u5KYV4BIS
u5KYV4BIS,u5KYV4BIS
uB5NMTR41,uB5NMTR41
uZXYXY5RL,uZXYXY5RL
uZXYXY5RL,uZXYXY5RL
uZXYXY5RL,uZXYXY5RL
uZXYXY5RL,uZXYXY5RL
uFAVJBLX,uFAVJBLX
uFAVJBLX,uFAVJBLX
uFAVJBLX,uFAVJBLX
uFAVJBLX,uFAVJBLX
uFAVJBLX,uFAVJBLX
uLMIOLRZX,uLMIOLRZX
uDSW2J52,uDSW2J52
uDSW2J52,uDSW2J52
uHRVM4OW2,uHRVM4OW2
uZQXILBAP,uZQXILBAP
uZQXILBAP,uZQXILBAP
uZQXILBAP,uZQXILBAP
uAHFK3XB5,uAHFK3XB5
uDSCBQLA,uDSCBQLA
uDSCBQLA,uDSCBQLA
uHRVMKBCX,uHRVMKBCX
uHRVMKBCX,uHRVMKBCX
uHRVMKBCX,uHRVMKBCX
uHRVMKBCX,uHRVMKBCX
uWWBOD5HX,uWWBOD5HX
uQZ030CJ1,uQZ030CJ1
uM1U5GQGV,uM1U5GQGV
uM1U5GQGV,uM1U5GQGV
uDZPXLNGR,uDZPXLNGR
uDZPXLNGR,uDZPXLNGR
uDZPXLNGR,uDZPXLNGR
uLUCYC3YJ,uLUCYC3YJ
uJWAAT5DK,uJWAAT5DK
uB5NMTR41,uB5NMTR41
u1OVXCZDQ,u1OVXCZDQ
u1OVXCZDQ,u1OVXCZDQ
u1OVXCZDQ,u1OVXCZDQ
u1OVXCZDQ,u1OVXCZDQ
uPA3DXHNF,uPA3DXHNF
u1OVXCZDQ,u1OVXCZDQ
uMLLENDNB,uMLLENDNB
uMLLENDNB,uMLLENDNB
uMLLENDNB,uMLLENDNB
uMLLENDNB,uMLLENDNB
uMLLENDNB,uMLLENDNB
uMLLENDNB,uMLLENDNB
uMLLENDNB,uMLLENDNB
uMLLENDNB,uMLLENDNB
uMLLENDNB,uMLLENDNB
uMLLENDNB,uMLLENDNB
uMLLENDNB,uMLLENDNB
u1OVXCZDQ,u1OVXCZDQ
u1OVXCZDQ,u1OVXCZDQ
u1OVXCZDQ,u1OVXCZDQ
u1OVXCZDQ,u1OVXCZDQ
uRSRLVIMP,uRSRLVIMP
uFAHZFNZ,uFAHZFNZ
uLUCDKVWG,uLUCDKVWG
uLUCDKVWG,uLUCDKVWG
uLUCDKVWG,uLUCDKVWG
uONP5KK5Z,uONP5KK5Z
uONP5KK5Z,uONP5KK5Z
uKPKIUWIM,uKPKIUWIM
uKPKIUWIM,uKPKIUWIM
uKPKIUWIM,uKPKIUWIM
uKPKIUWIM,uKPKIUWIM
uVEQCG4BW,uVEQCG4BW
uVEQCG4BW,uVEQCG4BW
uVEQCG4BW,uVEQCG4BW
uVEQCG4BW,uVEQCG4BW
uVEQCG4BW,uVEQCG4BW
uVEQCG4BW,uVEQCG4BW
uVEQCG4BW,uVEQCG4BW
uVEQCG4BW,uVEQCG4BW
uDGUUN0KG,uDGUUN0KG
uDGUUN0KG,uDGUUN0KG
uDGUUN0KG,uDGUUN0KG
uDGUUN0KG,uDGUUN0KG
uDGUUN0KG,uDGUUN0KG
uDGUUN0KG,uDGUUN0KG
uDGURANQR,uDGURANQR
uDGURANQR,uDGURANQR
uDGURANQR,uDGURANQR
uDGURANQR,uDGURANQR
u1CRFKVK1,u1CRFKVK1
u1CRFKVK1,u1CRFKVK1
u1OVXCZDQ,u1OVXCZDQ
u1OVXCZDQ,u1OVXCZDQ
u1OVXCZDQ,u1OVXCZDQ
uKPK1YOOE,uKPK1YOOE
uKPK1YOOE,uKPK1YOOE
u1OVXCZDQ,u1OVXCZDQ
u1OVXCZDQ,u1OVXCZDQ
u1OVXCZDQ,u1OVXCZDQ
u1OVXCZDQ,u1OVXCZDQ
u1OVXCZDQ,u1OVXCZDQ
uVT4HDX1I,uVT4HDX1I
uBK141WRG,uBK141WRG
uBK141WRG,uBK141WRG
uBK141WRG,uBK141WRG
uBK141WRG,uBK141WRG
uBK141WRG,uBK141WRG
uQSMQFMTA,uQSMQFMTA
uQSMQFMTA,uQSMQFMTA
uHRVMKBCX,uHRVMKBCX
uHRVMKBCX,uHRVMKBCX
uHRVMKBCX,uHRVMKBCX
uHRVMKBCX,uHRVMKBCX
uHRVMKBCX,uHRVMKBCX
uHRVMKBCX,uHRVMKBCX
uVEQW1QSQ,uVEQW1QSQ
uVEQW1QSQ,uVEQW1QSQ
uPA3DXHNF,uPA3DXHNF
uPA3DXHNF,uPA3DXHNF
uJWAAKU2Z,uJWAAKU2Z
uJWAAKU2Z,uJWAAKU2Z
uJWAAKU2Z,uJWAAKU2Z
uWWBBIN3D,uWWBBIN3D
uWWBBIN3D,uWWBBIN3D
uWWBBIN3D,uWWBBIN3D
u1OVXCZDQ,u1OVXCZDQ
u1OVXCZDQ,u1OVXCZDQ
u1OVXCZDQ,u1OVXCZDQ
u1OVXCZDQ,u1OVXCZDQ
uNEGKN1TU,uNEGKN1TU
uNEGKN1TU,uNEGKN1TU
uLCMDVHL4,uLCMDVHL4
uDZPXLNGR,uDZPXLNGR
u1CIXQV4F,u1CIXQV4F
u1CIXQV4F,u1CIXQV4F
u1CIXQV4F,u1CIXQV4F
uMLLWW34N,uMLLWW34N
uTZ5DOR0J,uTZ5DOR0J
uTZ5DOR0J,uTZ5DOR0J
uTZ5DOR0J,uTZ5DOR0J
uQZ0E2B5Q,uQZ0E2B5Q
uQZ0E2B5Q,uQZ0E2B5Q
uP2ZDKAAT,uP2ZDKAAT
uP2ZDKAAT,uP2ZDKAAT
uZD322BDU,uZD322BDU
uZD322BDU,uZD322BDU
u0VPJNH0M,u0VPJNH0M
uB5NTIRMH,uB5NTIRMH
uB5NTIRMH,uB5NTIRMH
uVEQW1QSQ,uVEQW1QSQ
uVEQW1QSQ,uVEQW1QSQ
uVEQW1QSQ,uVEQW1QSQ
uVEQW1QSQ,uVEQW1QSQ
uFADO14A,uFADO14A
uLUCGST3X,uLUCGST3X
uLUCGST3X,uLUCGST3X
uLUCGST3X,uLUCGST3X
uLUCGST3X,uLUCGST3X
uEMBE5RPM,uEMBE5RPM
uEMBE5RPM,uEMBE5RPM
u02LNWPCJ,u02LNWPCJ
u02LNWPCJ,u02LNWPCJ
uVGJLMICF,uVGJLMICF
uDZPXLNGR,uDZPXLNGR
uII5KXUMY,uII5KXUMY
u1OVXCZDQ,u1OVXCZDQ
u1OVXCZDQ,u1OVXCZDQ
u1OVXCZDQ,u1OVXCZDQ
uVGJCWKL0,uVGJCWKL0
uVGJCWKL0,uVGJCWKL0
uVGJCWKL0,uVGJCWKL0
uWYNCEVTY,uWYNCEVTY
uWYNCEVTY,uWYNCEVTY
uWYNCEVTY,uWYNCEVTY
uVT4HXXON,uVT4HXXON
uB4HF2B5S,uB4HF2B5S
uB4HF2B5S,uB4HF2B5S
uLCMDVHL4,uLCMDVHL4
uBIBFTETN,uBIBFTETN
uDZPXLNGR,uDZPXLNGR
uWWBLQORL,uWWBLQORL
uWWBLQORL,uWWBLQORL
uWWBLQORL,uWWBLQORL
uWWBLQORL,uWWBLQORL
uWWBLQORL,uWWBLQORL
uWWBLQORL,uWWBLQORL
uWWBLQORL,uWWBLQORL
uQHCQ3CGI,uQHCQ3CGI
uQHCQ3CGI,uQHCQ3CGI
uEMB1ISU4,uEMB1ISU4
uB5FIULFW,uB5FIULFW
uB5FIULFW,uB5FIULFW
uB5FIULFW,uB5FIULFW
uB5FIULFW,uB5FIULFW
uB5FIULFW,uB5FIULFW
uPVDWOREI,uPVDWOREI
uPVDWOREI,uPVDWOREI
uPVDWOREI,uPVDWOREI
uPVDWOREI,uPVDWOREI
u0YUSDFEP,u0YUSDFEP
u0YUSDFEP,u0YUSDFEP
u0YUSDFEP,u0YUSDFEP
uDSHIJRD,uDSHIJRD
uRUGAWJV,uRUGAWJV
uRUGAWJV,uRUGAWJV
uJWAAKU2Z,uJWAAKU2Z
uJWAAKU2Z,uJWAAKU2Z
uJWAAKU2Z,uJWAAKU2Z
uJWAAKU2Z,uJWAAKU2Z
uJWAAKU2Z,uJWAAKU2Z
uJWAAKU2Z,uJWAAKU2Z
uNEGKN1TU,uNEGKN1TU
uNEGKN1TU,uNEGKN1TU
uZND2DPYO,uZND2DPYO
uZND2DPYO,uZND2DPYO
uMLLV0WNI,uMLLV0WNI
uWYNOTQBJ,uWYNOTQBJ
uWYNOTQBJ,uWYNOTQBJ
uZXKFXGEE,uZXKFXGEE
uZXKFXGEE,uZXKFXGEE
uZXKFXGEE,uZXKFXGEE
uMLL5Q3JX,uMLL5Q3JX
uMLL5Q3JX,uMLL5Q3JX
uMLL5Q3JX,uMLL5Q3JX
uMLLCZHGM,uMLLCZHGM
uLCMOZHKT,uLCMOZHKT
uLCMOZHKT,uLCMOZHKT
uB5NFSCQ5,uB5NFSCQ5
uB5NFSCQ5,uB5NFSCQ5
uB5NFSCQ5,uB5NFSCQ5
uII5Y3TDY,uII5Y3TDY
uLMINF1H2,uLMINF1H2
uLMINF1H2,uLMINF1H2
uLMINF1H2,uLMINF1H2
uWYNQH025,uWYNQH025
uWYNQH025,uWYNQH025
uWYNQH025,uWYNQH025
uP2ZO0KGV,uP2ZO0KGV
uP2ZO0KGV,uP2ZO0KGV
uM1U0BTOI,uM1U0BTOI
uM1U0BTOI,uM1U0BTOI
uM1U0BTOI,uM1U0BTOI
uM1U0BTOI,uM1U0BTOI
uDGUXH5YW,uDGUXH5YW
uDGUXH5YW,uDGUXH5YW
uEMBZGWBB,uEMBZGWBB
uEMBZGWBB,uEMBZGWBB
uB4GRDSFM,uB4GRDSFM
uB4GRDSFM,uB4GRDSFM
uB4GRDSFM,uB4GRDSFM
uPKFKNT2X,uPKFKNT2X
uPKFKNT2X,uPKFKNT2X
uPKFKNT2X,uPKFKNT2X
uPKFKNT2X,uPKFKNT2X
uPKFKNT2X,uPKFKNT2X
uPKFKNT2X,uPKFKNT2X
uM1U5MSQX,uM1U5MSQX
uQSMWFTTW,uQSMWFTTW
uHRVMKBCX,uHRVMKBCX
uHRVMKBCX,uHRVMKBCX
uHRVMKBCX,uHRVMKBCX
uHRVMKBCX,uHRVMKBCX
uHRVMKBCX,uHRVMKBCX
uHRVMKBCX,uHRVMKBCX
u1CR2KR0F,u1CR2KR0F
uONP5KK5Z,uONP5KK5Z
uP2ZY5RKG,uP2ZY5RKG
uS5WBNCQS,uS5WBNCQS
uS5WBNCQS,uS5WBNCQS
uFAG1Z2T,uFAG1Z2T
uTS2DGJ0Y,uTS2DGJ0Y
uTS2DGJ0Y,uTS2DGJ0Y
uTS2DGJ0Y,uTS2DGJ0Y
uHQYPNLFD,uHQYPNLFD
uHQYPNLFD,uHQYPNLFD
uHQYPNLFD,uHQYPNLFD
uHQYPNLFD,uHQYPNLFD
uHQYPNLFD,uHQYPNLFD
uVT4LBYYH,uVT4LBYYH
uVT4LBYYH,uVT4LBYYH
uTS2DGJ0Y,uTS2DGJ0Y
uTS2DGJ0Y,uTS2DGJ0Y
uTS2DGJ0Y,uTS2DGJ0Y
uTS2DGJ0Y,uTS2DGJ0Y
u0AGSY5UZ,u0AGSY5UZ
u0AGSY5UZ,u0AGSY5UZ
uZNJRDOFN,uZNJRDOFN
uY02ZLZAI,uY02ZLZAI
uY02ZLZAI,uY02ZLZAI
uY02ZLZAI,uY02ZLZAI
uJWAATC1K,uJWAATC1K
uI43JF3OK,uI43JF3OK
uI43JF3OK,uI43JF3OK
uI43JF3OK,uI43JF3OK
u02LTTDDH,u02LTTDDH
u02LTTDDH,u02LTTDDH
uDZPXLNGR,uDZPXLNGR
uDZPXLNGR,uDZPXLNGR
uHRVMQDJT,uHRVMQDJT
uHRVMQDJT,uHRVMQDJT
uI43LS2HG,uI43LS2HG
uI43LS2HG,uI43LS2HG
uI43LS2HG,uI43LS2HG
uI43LS2HG,uI43LS2HG
uI43LS2HG,uI43LS2HG
uB5NF40FW,uB5NF40FW
uNEGTSUIQ,uNEGTSUIQ
uNEGTSUIQ,uNEGTSUIQ
uDG0NBYGS,uDG0NBYGS
uDG0NBYGS,uDG0NBYGS
uONPUNYBO,uONPUNYBO
uONPUNYBO,uONPUNYBO
uONPUNYBO,uONPUNYBO
uONPUNYBO,uONPUNYBO
uW0EDNZAC,uW0EDNZAC
uW0EDNZAC,uW0EDNZAC
uW0EDNZAC,uW0EDNZAC
uW0EDNZAC,uW0EDNZAC
uW0EDNZAC,uW0EDNZAC
uW0EDNZAC,uW0EDNZAC
uW0EDNZAC,uW0EDNZAC
uW0EDNZAC,uW0EDNZAC
uW0EDNZAC,uW0EDNZAC
uW0EDNZAC,uW0EDNZAC
uW0EDNZAC,uW0EDNZAC
uW0EDNZAC,uW0EDNZAC
uHJX4L4QK,uHJX4L4QK
uHJX4L4QK,uHJX4L4QK
u1OVXCZDQ,u1OVXCZDQ
u1OVXCZDQ,u1OVXCZDQ
u1OVXCZDQ,u1OVXCZDQ
u1OVXCZDQ,u1OVXCZDQ
u1OVXCZDQ,u1OVXCZDQ
u1OVXCZDQ,u1OVXCZDQ
u1OVXCZDQ,u1OVXCZDQ
u02LNWPCJ,u02LNWPCJ
u02LNWPCJ,u02LNWPCJ
uHQYOHKBV,uHQYOHKBV
uHQYOHKBV,uHQYOHKBV
uHQYOHKBV,uHQYOHKBV
uTZ5WP1QX,uTZ5WP1QX
uTZ5WP1QX,uTZ5WP1QX
uLMIO4GSY,uLMIO4GSY
u3JHVHMKB,u3JHVHMKB
uWYNGNJ1W,uWYNGNJ1W
uWYNGNJ1W,uWYNGNJ1W
u1OVXCZDQ,u1OVXCZDQ
uEMBE5RPM,uEMBE5RPM
uEMBE5RPM,uEMBE5RPM
uEMBE5RPM,uEMBE5RPM
u02LNWPCJ,u02LNWPCJ
u1OVXCZDQ,u1OVXCZDQ
u1CR4I1AG,u1CR4I1AG
u1OVXCZDQ,u1OVXCZDQ
uK3R0VUTC,uK3R0VUTC
uK3R0VUTC,uK3R0VUTC
uK3R0VUTC,uK3R0VUTC
uK3R0VUTC,uK3R0VUTC
uK3R0VUTC,uK3R0VUTC
uK3R0VUTC,uK3R0VUTC
uNEGKN1TU,uNEGKN1TU
uNEGKN1TU,uNEGKN1TU
u0YUPMDJM,u0YUPMDJM
u0YUPMDJM,u0YUPMDJM
u0YUPMDJM,u0YUPMDJM
uLCMJMGJR,uLCMJMGJR
uM1U0BTOI,uM1U0BTOI
uM1U0BTOI,uM1U0BTOI
uJWAA3FPC,uJWAA3FPC
uJWAA3FPC,uJWAA3FPC
u0AGJ4OV5,u0AGJ4OV5
u0AGJ4OV5,u0AGJ4OV5
u0AGJ4OV5,u0AGJ4OV5
u0AGJ4OV5,u0AGJ4OV5
u0AGJ4OV5,u0AGJ4OV5
u0AGJ4OV5,u0AGJ4OV5
u0AGJ4OV5,u0AGJ4OV5
u0AGJ4OV5,u0AGJ4OV5
uQZ0EVXTJ,uQZ0EVXTJ
uQZ0EVXTJ,uQZ0EVXTJ
uGL4NKUGN,uGL4NKUGN
uGL4NKUGN,uGL4NKUGN
uGL4NKUGN,uGL4NKUGN
uDZPXLNGR,uDZPXLNGR
uMLLCZHGM,uMLLCZHGM
u1CRMBHGB,u1CRMBHGB
u1CRMBHGB,u1CRMBHGB
u1CRMBHGB,u1CRMBHGB
u1CRMBHGB,u1CRMBHGB
u1CRMBHGB,u1CRMBHGB
uVEQW1QSQ,uVEQW1QSQ
uVEQW1QSQ,uVEQW1QSQ
uVEQW1QSQ,uVEQW1QSQ
uVEQW1QSQ,uVEQW1QSQ
uVEQW1QSQ,uVEQW1QSQ
uVEQW1QSQ,uVEQW1QSQ
uII5WWYKA,uII5WWYKA
uP2ZYSDGQ,uP2ZYSDGQ
uP2ZYSDGQ,uP2ZYSDGQ
uP2ZYSDGQ,uP2ZYSDGQ
uP2ZYSDGQ,uP2ZYSDGQ
uWWBBU122,uWWBBU122
u3FT1MUSZ,u3FT1MUSZ
u3FT1MUSZ,u3FT1MUSZ
u3FT1MUSZ,u3FT1MUSZ
uRUWVESY,uRUWVESY
uRUWVESY,uRUWVESY
uRUWVESY,uRUWVESY
uRUWVESY,uRUWVESY
uRUWVESY,uRUWVESY
uRUWVESY,uRUWVESY
uRUWVESY,uRUWVESY
uRUWVESY,uRUWVESY
uDZPXLNGR,uDZPXLNGR
uGL4NKUGN,uGL4NKUGN
uGL4NKUGN,uGL4NKUGN
uB5NMTR41,uB5NMTR41
uB5NMTR41,uB5NMTR41
uB5NMTR41,uB5NMTR41
uB5NMTR41,uB5NMTR41
uGL4NKUGN,uGL4NKUGN
uGL4NKUGN,uGL4NKUGN
uGL4NKUGN,uGL4NKUGN
uGL4NKUGN,uGL4NKUGN
uGL4NKUGN,uGL4NKUGN
uGL4NKUGN,uGL4NKUGN
uGL4NKUGN,uGL4NKUGN
uGL4NKUGN,uGL4NKUGN
uGL4NKUGN,uGL4NKUGN
uGL4NKUGN,uGL4NKUGN
uGL4NKUGN,uGL4NKUGN
uGL4NKUGN,uGL4NKUGN
uGL4NKUGN,uGL4NKUGN
uGL4NKUGN,uGL4NKUGN
uGL4NKUGN,uGL4NKUGN
uGL4NKUGN,uGL4NKUGN
uNEGTSUIQ,uNEGTSUIQ
uNEGTSUIQ,uNEGTSUIQ
uI43HDKM1,uI43HDKM1
uI43HDKM1,uI43HDKM1
uB5NF0V3U,uB5NF0V3U
uB5NF0V3U,uB5NF0V3U
uPKFK1X34,uB5NF0V3U
uQHCQJH4F,uQHCQJH4F
uQHCQJH4F,uQHCQJH4F
uQHCQJH4F,uQHCQJH4F
uQHCQJH4F,uQHCQJH4F
uQHCQJH4F,uQHCQJH4F
uQHCQJH4F,uQHCQJH4F
uQHCQJH4F,uQHCQJH4F
uRLOSK2KM,uRLOSK2KM
uRLOSK2KM,uRLOSK2KM
uRLOSK2KM,uRLOSK2KM
uRLOSK2KM,uRLOSK2KM
u1OVXCZDQ,u1OVXCZDQ
u1OVXCZDQ,u1OVXCZDQ
uDZPXLNGR,uDZPXLNGR
uDZPXLNGR,uDZPXLNGR
uNEGKN1TU,uNEGKN1TU
uNEGKN1TU,uNEGKN1TU
uNEGKN1TU,uNEGKN1TU
uNEGKN1TU,uNEGKN1TU
uFAH5V1T,uFAH5V1T
uFAH5V1T,uFAH5V1T
uFAH5V1T,uFAH5V1T
uJ2OILTPF,uJ2OILTPF
uJ2OILTPF,uJ2OILTPF
uJ2OILTPF,uJ2OILTPF
uJWAARF3V,uJWAARF3V
uJWAARF3V,uJWAARF3V
uW0EL2ULB,uW0EL2ULB
uWWBGCQIA,uWWBGCQIA
uWWBGCQIA,uWWBGCQIA
uVGJCWKL0,uVGJCWKL0
uVGJCWKL0,uVGJCWKL0
uNEGKN1TU,uNEGKN1TU
uLUCGST3X,uLUCGST3X
uNEGKN1TU,uNEGKN1TU
uNEGKN1TU,uNEGKN1TU
uNEGKN1TU,uNEGKN1TU
uNEGKN1TU,uNEGKN1TU
uB5NTIRMH,uB5NTIRMH
uB5NTIRMH,uB5NTIRMH
uB5NTIRMH,uB5NTIRMH
uB5NTIRMH,uB5NTIRMH
uB4HONZV5,uB4HONZV5
uB4HONZV5,uB4HONZV5
uB4HONZV5,uB4HONZV5
uJWARFPJG,uJWARFPJG
uJWARFPJG,uJWARFPJG
uEMBI1T34,uEMBI1T34
uEMBI1T34,uEMBI1T34
uEMBI1T34,uEMBI1T34
uEMBI1T34,uEMBI1T34
uKB50RU5E,uKB50RU5E
uGL4NKUGN,uGL4NKUGN
uPVDBQ4N4,uPVDBQ4N4
uPVDBQ4N4,uPVDBQ4N4
uDZPXLNGR,uDZPXLNGR
uGL4NKUGN,uGL4NKUGN
uGL4NKUGN,uGL4NKUGN
uGL4NKUGN,uGL4NKUGN
uW0EGCZMU,uW0EGCZMU
uW0EGCZMU,uW0EGCZMU
uHJXSKH3E,uHJXSKH3E
u1OVXCZDQ,u1OVXCZDQ
u1OVXCZDQ,u1OVXCZDQ
uGL4NKUGN,uGL4NKUGN
uGL4NKUGN,uGL4NKUGN
uDZPXLNGR,uDZPXLNGR
uWWBGVZBJ,uWWBGVZBJ
uWWBGVZBJ,uWWBGVZBJ
uW0ELJZS3,uW0ELJZS3
uW0ELJZS3,uW0ELJZS3
uDZPX1G5I,uDZPX1G5I
uDZPX1G5I,uDZPX1G5I
uSIALFICK,uSIALFICK
uSIALFICK,uSIALFICK
uSIALFICK,uSIALFICK
uSIALFICK,uSIALFICK
uSIALFICK,uSIALFICK
uSIALFICK,uSIALFICK
uSIALFICK,uSIALFICK
uSIALFICK,uSIALFICK
uSIALFICK,uSIALFICK
uZNJIKDWM,uZNJIKDWM
uZNJARMRK,uZNJARMRK
uPKFTSDV4,uPKFTSDV4
uPKFTSDV4,uPKFTSDV4
uR1WGFDTB,uR1WGFDTB
uR1WGFDTB,uR1WGFDTB
uR1WGFDTB,uR1WGFDTB
uB4H4NISE,uB4H4NISE
uB4H4NISE,uB4H4NISE
uVEQHAVNI,uVEQHAVNI
uBK1OJSN2,uBK1OJSN2
uHJXSMPBB,uHJXSMPBB
uHJXSMPBB,uHJXSMPBB
uHJXSMPBB,uHJXSMPBB
uHJXSMPBB,uHJXSMPBB
uHJXSMPBB,uHJXSMPBB
uHJXSMPBB,uHJXSMPBB
uHJXSMPBB,uHJXSMPBB
uHJXSMPBB,uHJXSMPBB
uHJXSMPBB,uHJXSMPBB
uZQXAKY54,uZQXAKY54
uZQXAKY54,uZQXAKY54
uZQXAKY54,uZQXAKY54
uRUC2K0H,uRUC2K0H
uRSRB1ZQ5,uRSRB1ZQ5
uRSRB1ZQ5,uRSRB1ZQ5
uRSRB1ZQ5,uRSRB1ZQ5
uRSRB1ZQ5,uRSRB1ZQ5
uRSRB1ZQ5,uRSRB1ZQ5
uRSRB1ZQ5,uRSRB1ZQ5
uZQXILBAP,uZQXILBAP
uZQXILBAP,uZQXILBAP
uZQXILBAP,uZQXILBAP
uZQXILBAP,uZQXILBAP
uZQXILBAP,uZQXILBAP
uZQXILBAP,uZQXILBAP
uWWBCX5A2,uWWBCX5A2
uWWBCX5A2,uWWBCX5A2
uRLODCJWH,uRLODCJWH
uRLODCJWH,uRLODCJWH
uDGURI4NZ,uDGURI4NZ
uDGURI4NZ,uDGURI4NZ
uQZ0IF221,uQZ0IF221
uQZ0IF221,uQZ0IF221
uQZ0IF221,uQZ0IF221
uLCMO1IOY,uLCMO1IOY
uPVDKK03J,uPVDKK03J
uLCMDVHL4,uLCMDVHL4
u1OVXCZDQ,u1OVXCZDQ
u1OVXCZDQ,u1OVXCZDQ
u1OVXCZDQ,u1OVXCZDQ
uB5NMTR41,uB5NMTR41
u3511WMBT,u3511WMBT
uPA3JXFBA,uPA3JXFBA
uPA3JXFBA,uPA3JXFBA
uPA3JXFBA,uPA3JXFBA
uPA3JXFBA,uPA3JXFBA
uZNJARMRK,uZNJARMRK
u1CRPMKXA,u1CRPMKXA
u1CRPMKXA,u1CRPMKXA
uPA3MIKGS,uPA3MIKGS
uPA3MIKGS,uPA3MIKGS
uPA3MIKGS,uPA3MIKGS
uM1U0BTOI,uM1U0BTOI
uM1U0BTOI,uM1U0BTOI
uM1U0BTOI,uM1U0BTOI
uM1U0BTOI,uM1U0BTOI
uM1U0BTOI,uM1U0BTOI
uM1U0BTOI,uM1U0BTOI
uQZ0VCKOT,uQZ0VCKOT
uQZ0VCKOT,uQZ0VCKOT
uB5NMTR41,uB5NMTR41
uB5NMTR41,uB5NMTR41
uYC3E4IWL,uYC3E4IWL
uRLOJ0RIX,uRLOJ0RIX
uRLOJ0RIX,uRLOJ0RIX
uB4H2WJLG,uB4H2WJLG
uB4H2WJLG,uB4H2WJLG
uTS2JUMXY,uTS2JUMXY
u1OVXCZDQ,u1OVXCZDQ
u1OVXCZDQ,u1OVXCZDQ
uB5FIULFW,uB5FIULFW
uB5FIULFW,uB5FIULFW
uB5FIULFW,uB5FIULFW
uB5FIULFW,uB5FIULFW
uB5FIULFW,uB5FIULFW
uB5FIULFW,uB5FIULFW
uB5FIULFW,uB5FIULFW
uB5FIULFW,uB5FIULFW
uB5FIULFW,uB5FIULFW
uB5FIULFW,uB5FIULFW
uB5FIULFW,uB5FIULFW
uB5FIULFW,uB5FIULFW
uB5FIULFW,uB5FIULFW
uB5FIULFW,uB5FIULFW
uQSMQFMTA,uQSMQFMTA
uJWAAKU2Z,uJWAAKU2Z
uJWAAKU2Z,uJWAAKU2Z
uJWAAKU2Z,uJWAAKU2Z
uJWAAKU2Z,uJWAAKU2Z
uJWAAKU2Z,uJWAAKU2Z
uJWAAKU2Z,uJWAAKU2Z
uJWAAKU2Z,uJWAAKU2Z
uUPW4GWUV,uUPW4GWUV
uUPW4GWUV,uUPW4GWUV
uUPW4GWUV,uUPW4GWUV
uKPK3F5XA,uKPK3F5XA
uKPK3F5XA,uKPK3F5XA
uQHCQXPC4,uQHCQXPC4
uQHCQXPC4,uQHCQXPC4
uVEQL1503,uVEQL1503
u0AGOY4JY,uVEQL1503
uEMBE5RPM,uEMBE5RPM
uDZPXLNGR,uDZPXLNGR
uDZPXLNGR,uDZPXLNGR
uDZPXLNGR,uDZPXLNGR
uDZPXLNGR,uDZPXLNGR
uDZPXLNGR,uDZPXLNGR
u1OVXCZDQ,u1OVXCZDQ
u1OVXCZDQ,u1OVXCZDQ
u1OVXCZDQ,u1OVXCZDQ
u1OVXCZDQ,u1OVXCZDQ
u1OVXCZDQ,u1OVXCZDQ
uRLOSK2KM,uRLOSK2KM
uRLOSK2KM,uRLOSK2KM
uRLOSK2KM,uRLOSK2KM
uRLOSK2KM,uRLOSK2KM
u351XW5LV,u351XW5LV
u351XW5LV,u351XW5LV
uP2ZO0KGV,uP2ZO0KGV
uVEQW1QSQ,uVEQW1QSQ
uVEQW1QSQ,uVEQW1QSQ
uDZPXLNGR,uDZPXLNGR
uDZPXLNGR,uDZPXLNGR
uDZPXLNGR,uDZPXLNGR
uDZPXLNGR,uDZPXLNGR
uDZPXLNGR,uDZPXLNGR
uOQZ3TUKF,uOQZ3TUKF
uOQZ3TUKF,uOQZ3TUKF
uOQZ3TUKF,uOQZ3TUKF
uOQZ3TUKF,uOQZ3TUKF
uCBTJLVHZ,uCBTJLVHZ
uCBTJLVHZ,uCBTJLVHZ
uCBTJLVHZ,uCBTJLVHZ
uKB5UNCVC,uKB5UNCVC
uKB5UNCVC,uKB5UNCVC
uDZPXLNGR,uDZPXLNGR
uDZPXLNGR,uDZPXLNGR
uDZPXLNGR,uDZPXLNGR
uDZPXLNGR,uDZPXLNGR
uDZPXLNGR,uDZPXLNGR
uDZPXLNGR,uDZPXLNGR
u1OVXCZDQ,u1OVXCZDQ
u1OVXCZDQ,u1OVXCZDQ
uPA3DXHNF,uPA3DXHNF
uHRVF3NBM,uHRVF3NBM
uW0EW5XUZ,uW0EW5XUZ
uW0EW5XUZ,uW0EW5XUZ
uZNJARMRK,uZNJARMRK
uRSRDCMDO,uRSRDCMDO
uM1U0BTOI,uM1U0BTOI
uM1U0BTOI,uM1U0BTOI
uGL4NKUGN,uGL4NKUGN
uTZ5G1NEM,uTZ5G1NEM
uTZ5G1NEM,uTZ5G1NEM
uTZ5G1NEM,uTZ5G1NEM
uTZ5G1NEM,uTZ5G1NEM
uTZ5G1NEM,uTZ5G1NEM
uKB51FQQ1,uKB51FQQ1
uKB51FQQ1,uKB51FQQ1
uKB51FQQ1,uKB51FQQ1
uTZ5G4QFA,uTZ5G4QFA
uTZ5G4QFA,uTZ5G4QFA
uTZ5G4QFA,uTZ5G4QFA
uTZ5G4QFA,uTZ5G4QFA
uLMIOURPO,uLMIOURPO
uLMIOURPO,uLMIOURPO
u3JHZNOSY,u3JHZNOSY
uB5NMTR41,uB5NMTR41
uB5NMTR41,uB5NMTR41
uB5NMTR41,uB5NMTR41
uB5NMTR41,uB5NMTR41
uLCMOQXVC,uLCMOQXVC
uP2ZO0KGV,uP2ZO0KGV
uP2ZO0KGV,uP2ZO0KGV
u0VPB1KDC,u0VPB1KDC
uGL4NKUGN,uGL4NKUGN
uGL4NKUGN,uGL4NKUGN
uGL4NKUGN,uGL4NKUGN
uGL4NKUGN,uGL4NKUGN
uP2ZYHBCL,uP2ZYHBCL
uP2ZYHBCL,uP2ZYHBCL
uP2ZYHBCL,uP2ZYHBCL
uP2ZYHBCL,uP2ZYHBCL
uP2ZYHBCL,uP2ZYHBCL
uP2ZYHBCL,uP2ZYHBCL
uP2ZYHBCL,uP2ZYHBCL
uP2ZYHBCL,uP2ZYHBCL
uP2ZYHBCL,uP2ZYHBCL
uY02ZKAWQ,uY02ZKAWQ
uY02ZKAWQ,uY02ZKAWQ
uY02ZKAWQ,uY02ZKAWQ
uMLLWDKVF,uMLLWDKVF
uMLLWDKVF,uMLLWDKVF
uHRVM40LJ,uHRVM40LJ
uHRVM40LJ,uHRVM40LJ
uHRVM40LJ,uHRVM40LJ
uHRVM40LJ,uHRVM40LJ
uHRVM40LJ,uHRVM40LJ
uHRVM40LJ,uHRVM40LJ
uHRVM40LJ,uHRVM40LJ
uHRVM40LJ,uHRVM40LJ
u1OVXCZDQ,u1OVXCZDQ
uONP5KK5Z,uONP5KK5Z
uONP5KK5Z,uONP5KK5Z
uONP5KK5Z,uONP5KK5Z
uONP5KK5Z,uONP5KK5Z
uONP5KK5Z,uONP5KK5Z
uONP5KK5Z,uONP5KK5Z
uONP5KK5Z,uONP5KK5Z
uNEGKN1TU,uNEGKN1TU
uNEGKN1TU,uNEGKN1TU
uDZPXLNGR,uDZPXLNGR
uDZPXLNGR,uDZPXLNGR
uI43HDKM1,uI43HDKM1
uI43HDKM1,uI43HDKM1
uDZPXLNGR,uDZPXLNGR
uDZPXLNGR,uDZPXLNGR
uDZPXLNGR,uDZPXLNGR
uDZPXLNGR,uDZPXLNGR
uDZPXLNGR,uDZPXLNGR
uDZPXLNGR,uDZPXLNGR
uDZPXLNGR,uDZPXLNGR
uDZPXLNGR,uDZPXLNGR
uHRVDK5VN,uHRVDK5VN
uVEQCLGNH,uVEQCLGNH
uVEQCLGNH,uVEQCLGNH
uCBTSIIKE,uCBTSIIKE
uCBTSIIKE,uCBTSIIKE
uCBTSIIKE,uCBTSIIKE
uCBTSIIKE,uCBTSIIKE
uCBTSIIKE,uCBTSIIKE
uATZSELQS,uATZSELQS
uAHFJM1RH,uAHFJM1RH
uLMIOURPO,uLMIOURPO
uLMIOURPO,uLMIOURPO
uLMIOURPO,uLMIOURPO
uGL4T5ITN,uGL4T5ITN
uGL4T5ITN,uGL4T5ITN
uGL4T5ITN,uGL4T5ITN
uGL4T5ITN,uGL4T5ITN
uQZ0E2B5Q,uQZ0E2B5Q
uQZ0E2B5Q,uQZ0E2B5Q
u351Z5BYV,u351Z5BYV
u351Z5BYV,u351Z5BYV
uDGUR0M1H,uDGUR0M1H
uDGUR0M1H,uDGUR0M1H
uDGUR0M1H,uDGUR0M1H
u1OVXEMGA,u1OVXEMGA
uZNJRKTFM,uZNJRKTFM
uZNJRKTFM,uZNJRKTFM
uZNJRKTFM,uZNJRKTFM
uZNJRKTFM,uZNJRKTFM
u1OVXCZDQ,u1OVXCZDQ
u1OVXCZDQ,u1OVXCZDQ
u1OVXCZDQ,u1OVXCZDQ
u1OVXCZDQ,u1OVXCZDQ
u1OVXCZDQ,u1OVXCZDQ
u1OVXCZDQ,u1OVXCZDQ
u1OVXCZDQ,u1OVXCZDQ
uJ2OAEDUG,uJ2OAEDUG
uJ2OAEDUG,uJ2OAEDUG
uJ2OAEDUG,uJ2OAEDUG
uJ2OAEDUG,uJ2OAEDUG
uJ2OAEDUG,uJ2OAEDUG
uJ2OAEDUG,uJ2OAEDUG
uLUCJZQSI,uLUCJZQSI
uLUCJZQSI,uLUCJZQSI
uLUCJZQSI,uLUCJZQSI
uII5KMJRW,uII5KMJRW
uII5KMJRW,uII5KMJRW
uII5KMJRW,uII5KMJRW
uII5KMJRW,uII5KMJRW
uII5KMJRW,uII5KMJRW
uII5KMJRW,uII5KMJRW
uII5KMJRW,uII5KMJRW
uII5KMJRW,uII5KMJRW
uHQYOWQDY,uHQYOWQDY
uHQYOWQDY,uHQYOWQDY
uHQYOWQDY,uHQYOWQDY
uGL4NKUGN,uGL4NKUGN
uGL4NKUGN,uGL4NKUGN
uGL4NKUGN,uGL4NKUGN
uGL4NKUGN,uGL4NKUGN
uGL4NKUGN,uGL4NKUGN
uGL4NKUGN,uGL4NKUGN
uONP5KK5Z,uONP5KK5Z
uONP5KK5Z,uONP5KK5Z
uONP5KK5Z,uONP5KK5Z
uONP5KK5Z,uONP5KK5Z
uONP5KK5Z,uONP5KK5Z
uONP5KK5Z,uONP5KK5Z
uLMIO0QQF,uLMIO0QQF
uP2ZYKVDU,uP2ZYKVDU
uP2ZYKVDU,uP2ZYKVDU
uP2ZYKVDU,uP2ZYKVDU
uP2ZYKVDU,uP2ZYKVDU
u0YUPZ2AR,u0YUPZ2AR
u351Z5BYV,u351Z5BYV
uDGURWCCH,uDGURWCCH
uR1WB2AHH,uR1WB2AHH
uR1WB2AHH,uR1WB2AHH
uY025LKTS,uY025LKTS
uY025LKTS,uY025LKTS
uDZPXLNGR,uDZPXLNGR
uDZPXLNGR,uDZPXLNGR
uDZPXLNGR,uDZPXLNGR
uMLLQC3WE,uMLLQC3WE
uMLLQC3WE,uMLLQC3WE
uFADO14A,uFADO14A
uRUCJ5QW,uRUCJ5QW
uHRVF3NBM,uHRVF3NBM
uVGJCWKL0,uVGJCWKL0
uDZPXLNGR,uDZPXLNGR
uDZPXLNGR,uDZPXLNGR
uDZPXLNGR,uDZPXLNGR
uOQZQC0FJ,uOQZQC0FJ
uOQZQC0FJ,uOQZQC0FJ
uQZ03GCW2,uQZ03GCW2
uY021NKHD,uY021NKHD
uY021NKHD,uY021NKHD
uJWAI4PQ5,uJWAI4PQ5
uP2ZYSDGQ,uP2ZYSDGQ
uP2ZYSDGQ,uP2ZYSDGQ
uNEGDJYNV,uNEGDJYNV
uNEGDJYNV,uNEGDJYNV
uTZ5BZK1A,uTZ5BZK1A
uVGJL44CP,uVGJL44CP
uVGJL44CP,uVGJL44CP
uVGJL44CP,uVGJL44CP
uVGJL44CP,uVGJL44CP
uB5NMTR41,uB5NMTR41
uQHC0FIOI,uQHC0FIOI
uJWAAKU2Z,uJWAAKU2Z
uJWAAKU2Z,uJWAAKU2Z
uJWAAKU2Z,uJWAAKU2Z
uJWAAKU2Z,uJWAAKU2Z
uJWAAKU2Z,uJWAAKU2Z
uJWAAKU2Z,uJWAAKU2Z
uOQZ04CUA,uOQZ04CUA
uOQZ04CUA,uOQZ04CUA
uOQZ04CUA,uOQZ04CUA
uOQZ04CUA,uOQZ04CUA
uOQZ04CUA,uOQZ04CUA
uB5NMTR41,uB5NMTR41
uB5NMTR41,uB5NMTR41
uB5NMTR41,uB5NMTR41
uY02ZKAWQ,uY02ZKAWQ
uPVDWOREI,uPVDWOREI
uPVDWOREI,uPVDWOREI
uPVDWOREI,uPVDWOREI
u3511MNTQ,u3511MNTQ
u3511MNTQ,u3511MNTQ
u3511MNTQ,u3511MNTQ
uB5NMTR41,uB5NMTR41
uB5NMTR41,uB5NMTR41
uB5NMTR41,uB5NMTR41
uLCMDVHL4,uLCMDVHL4
uONP5KK5Z,uONP5KK5Z
uONP5KK5Z,uONP5KK5Z
uONP5KK5Z,uONP5KK5Z
uONP5KK5Z,uONP5KK5Z
uONP5KK5Z,uONP5KK5Z
uONP5KK5Z,uONP5KK5Z
uEMG2D4H0,uEMG2D4H0
uZXYRJQ4W,uZXYRJQ4W
uZXYRJQ4W,uZXYRJQ4W
uZQXI5SG4,uZQXI5SG4
uZQXI5SG4,uZQXI5SG4
u3JHVHMKB,u3JHVHMKB
u3JHVHMKB,u3JHVHMKB
u1CRNQMHZ,u1CRNQMHZ
u1CRNQMHZ,u1CRNQMHZ
uRSRDVEFT,uRSRDVEFT
uRSRDVEFT,uRSRDVEFT
uRSRDVEFT,uRSRDVEFT
uLUCJKVPN,uLUCJKVPN
uLUCJKVPN,uLUCJKVPN
uLUCJKVPN,uLUCJKVPN
uDZPXLNGR,uDZPXLNGR
u1CRNQMHZ,u1CRNQMHZ
u1CRNQMHZ,u1CRNQMHZ
u1CRNQMHZ,u1CRNQMHZ
u1CRNQMHZ,u1CRNQMHZ
uZXYRTGUF,uZXYRTGUF
uZXYRTGUF,uZXYRTGUF
uZXYRTGUF,uZXYRTGUF
uZXYRTGUF,uZXYRTGUF
u0YUP122W,u0YUP122W
u0YUP122W,u0YUP122W
u0YUP122W,u0YUP122W
u1OVXCZDQ,u1OVXCZDQ
u1OVXCZDQ,u1OVXCZDQ
u1OVXCZDQ,u1OVXCZDQ
u1OVXCZDQ,u1OVXCZDQ
uZQXILBAP,uZQXILBAP
uZQXILBAP,uZQXILBAP
uZQXILBAP,uZQXILBAP
u1OVXCZDQ,u1OVXCZDQ
uPVDKR0BH,uPVDKR0BH
uPVDKR0BH,uPVDKR0BH
u5KYV42LQ,u5KYV42LQ
uZND2DPYO,uZND2DPYO
uII5MEOLS,uII5MEOLS
uR1WHKROH,uR1WHKROH
uR1WHKROH,uR1WHKROH
uB4GX1ELC,uB4GX1ELC
uOQZVZWBU,uOQZVZWBU
uOQZVZWBU,uOQZVZWBU
uZNJIKR4S,uZNJIKR4S
uZNJIKR4S,uZNJIKR4S
uZNJIKR4S,uZNJIKR4S
uZNJIKR4S,uZNJIKR4S
uZNJIKR4S,uZNJIKR4S
uZNJIKR4S,uZNJIKR4S
u1CIRSRH5,u1CIRSRH5
uM1UDGF1S,uM1UDGF1S
uVGJCWKL0,uVGJCWKL0
uVGJCWKL0,uVGJCWKL0
uVGJCWKL0,uVGJCWKL0
uVGJCWKL0,uVGJCWKL0
uNEGKN1TU,uNEGKN1TU
uNEGKN1TU,uNEGKN1TU
uNEGKN1TU,uNEGKN1TU
uMLLCZHGM,uMLLCZHGM
uMLLCZHGM,uMLLCZHGM
uMLLCZHGM,uMLLCZHGM
uVGJCWKL0,uVGJCWKL0
uVGJCWKL0,uVGJCWKL0
uVGJCWKL0,uVGJCWKL0
uVGJCWKL0,uVGJCWKL0
uVGJCWKL0,uVGJCWKL0
uVGJCWKL0,uVGJCWKL0
uVGJCWKL0,uVGJCWKL0
u1OVXCZDQ,u1OVXCZDQ
uQHC0FIOI,uQHC0FIOI
uZNJARMRK,uZNJARMRK
u0AGJN53O,u0AGJN53O
uNEGKN1TU,uNEGKN1TU
uNEGKN1TU,uNEGKN1TU
u0VPB1KDC,u0VPB1KDC
u351Z5BYV,u351Z5BYV
uZDQA0XCF,uZDQA0XCF
uZDQA0XCF,uZDQA0XCF
uZDQA0XCF,uZDQA0XCF
uVT4LP1OB,uVT4LP1OB
uP2ZYSDGQ,uP2ZYSDGQ
uP2ZYSDGQ,uP2ZYSDGQ
uZXYXO14Q,uZXYXO14Q
uLUCKEKSM,uLUCKEKSM
uII5MSP42,uII5MSP42
uII5MSP42,uII5MSP42
uII5MSP42,uII5MSP42
uII5MSP42,uII5MSP42
uW0EODT2C,uW0EODT2C
uTZ5BK4XN,uW0EODT2C
uDGURANQR,uDGURANQR
uDGURANQR,uDGURANQR
uDGURANQR,uDGURANQR
uRUEM4WB,uRUEM4WB
uRUEM4WB,uRUEM4WB
u1OVXCZDQ,u1OVXCZDQ
uQHC3MQNT,uQHC3MQNT
uMLLCU2FU,uMLLCU2FU
uMLLCU2FU,uMLLCU2FU
uMLLCU2FU,uMLLCU2FU
uMLLCU2FU,uMLLCU2FU
u1CRNQMHZ,u1CRNQMHZ
u1CRNQMHZ,u1CRNQMHZ
u1CRNQMHZ,u1CRNQMHZ
u1CRNQMHZ,u1CRNQMHZ
u1OVXCZDQ,u1OVXCZDQ
u1OVXCZDQ,u1OVXCZDQ
uDSG3RKF,uDSG3RKF
uDSG3RKF,uDSG3RKF
uDSG3RKF,uDSG3RKF
uEMBUX11U,uEMBUX11U
uEMBUX11U,uEMBUX11U
uEMBUX11U,uEMBUX11U
u1OVXCZDQ,u1OVXCZDQ
uFALYR3M,uFALYR3M
uFALYR3M,uFALYR3M
uFALYR3M,uFALYR3M
uFALYR3M,uFALYR3M
uWYN5YUTB,uWYN5YUTB
u1O5F5OYJ,uWYN5YUTB
uKPKU40YT,uKPKU40YT
u1CRMBHGB,u1CRMBHGB
u1CRMBHGB,u1CRMBHGB
u1CRMBHGB,u1CRMBHGB
uGL4NKUGN,uGL4NKUGN
uGL4NKUGN,uGL4NKUGN
uQZ0QASGS,uQZ0QASGS
u1OVXCZDQ,u1OVXCZDQ
u1OVXCZDQ,u1OVXCZDQ
u1OVXCZDQ,u1OVXCZDQ
u1OVXCZDQ,u1OVXCZDQ
u1OVXCZDQ,u1OVXCZDQ
uLCMDVHL4,uLCMDVHL4
uKPKUQIWD,uKPKUQIWD
uKPKUQIWD,uKPKUQIWD
uKPKUQIWD,uKPKUQIWD
uKPKUQIWD,uKPKUQIWD
uKPKUQIWD,uKPKUQIWD
uJWAA1MBZ,uJWAA1MBZ
uJWAA1MBZ,uJWAA1MBZ
uPA3J3V4T,uPA3J3V4T
uPA3J3V4T,uPA3J3V4T
uPA3J3V4T,uPA3J3V4T
u1CRNQMHZ,u1CRNQMHZ
u1CRNQMHZ,u1CRNQMHZ
u1CRNQMHZ,u1CRNQMHZ
uZND2DPYO,uZND2DPYO
u5KYWHBE5,u5KYWHBE5
uTZ5B021J,uTZ5B021J
uNEGKN1TU,uNEGKN1TU
uNEGKN1TU,uNEGKN1TU
uNEGKN1TU,uNEGKN1TU
uNEGKN1TU,uNEGKN1TU
uNEGKN1TU,uNEGKN1TU
uNEGKN1TU,uNEGKN1TU
uBIBF0XBL,uBIBF0XBL
u5KYWZVAO,u5KYWZVAO
u5KYWZVAO,u5KYWZVAO
uVEQW1QSQ,uVEQW1QSQ
uVEQW1QSQ,uVEQW1QSQ
u1OVXCZDQ,u1OVXCZDQ
u1OVXCZDQ,u1OVXCZDQ
u1OVXCZDQ,u1OVXCZDQ
uTZ5BK4XN,uTZ5BK4XN
uTZ5BK4XN,uTZ5BK4XN
uTZ5BK4XN,uTZ5BK4XN
uTZ5BK4XN,uTZ5BK4XN
uTZ5BK4XN,uTZ5BK4XN
uTZ5BK4XN,uTZ5BK4XN
uONPQS3HS,uONPQS3HS
uONPQS3HS,uONPQS3HS
uONPQS3HS,uONPQS3HS
uONPQS3HS,uONPQS3HS
uONPQS3HS,uONPQS3HS
uM1U0BTOI,uM1U0BTOI
uM1U0BTOI,uM1U0BTOI
uM1U0BTOI,uM1U0BTOI
uM1U0BTOI,uM1U0BTOI
uY02ZL1GN,uY02ZL1GN
uY02ZL1GN,uY02ZL1GN
uY02ZL1GN,uY02ZL1GN
uY02ZL1GN,uY02ZL1GN
uBK1TT2XL,uBK1TT2XL
uBK1TT2XL,uBK1TT2XL
uBK1TT2XL,uBK1TT2XL
uBK1TT2XL,uBK1TT2XL
uB5N4D2H2,uB5N4D2H2
uPKFHOUM2,uPKFHOUM2
uPKFHOUM2,uPKFHOUM2
uDZPAQNAE,uDZPAQNAE
uDZPAQNAE,uDZPAQNAE
uDZPAQNAE,uDZPAQNAE
uDZPAQNAE,uDZPAQNAE
uNEGKN1TU,uNEGKN1TU
u3511MNTQ,u3511MNTQ
uTS2DGJ0Y,uTS2DGJ0Y
uTS2DGJ0Y,uTS2DGJ0Y
uTS2DGJ0Y,uTS2DGJ0Y
uTS2DGJ0Y,uTS2DGJ0Y
uUPCX3QDL,uUPCX3QDL
uUPCX3QDL,uUPCX3QDL
uUPCX3QDL,uUPCX3QDL
uUPCX3QDL,uUPCX3QDL
uTZ5G4QMD,uTZ5G4QMD
uTZ5G4QMD,uTZ5G4QMD
uJWAAKU2Z,uJWAAKU2Z
uM1UCT2ZX,uM1UCT2ZX
uM1UCT2ZX,uM1UCT2ZX
uM1UCT2ZX,uM1UCT2ZX
uKPKZRBUU,uKPKZRBUU
uKPKZRBUU,uKPKZRBUU
uKPKZRBUU,uKPKZRBUU
uKPKZRBUU,uKPKZRBUU
uKPKZRBUU,uKPKZRBUU
uKPKZRBUU,uKPKZRBUU
uJWA0PJ2S,uJWA0PJ2S
uP2ZJY24I,uP2ZJY24I
uP2ZJY24I,uP2ZJY24I
uP2ZJY24I,uP2ZJY24I
uP2ZJY24I,uP2ZJY24I
uFAY1TXH,uFAY1TXH
uFAY1TXH,uFAY1TXH
uFAY1TXH,uFAY1TXH
uFAY1TXH,uFAY1TXH
uFAY1TXH,uFAY1TXH
uFAY1TXH,uFAY1TXH
uQZ030CJ1,uQZ030CJ1
u351Z5BYV,u351Z5BYV
uAHFKSPFG,uAHFKSPFG
uAHFKSPFG,uAHFKSPFG
uAHFKSPFG,uAHFKSPFG
uAHFKSPFG,uAHFKSPFG
uAHFKSPFG,uAHFKSPFG
u0VPKZZDA,u0VPKZZDA
u0VPKZZDA,u0VPKZZDA
u0VPKZZDA,u0VPKZZDA
u0VPKZZDA,u0VPKZZDA
u0VPKZZDA,u0VPKZZDA
u0VPKZZDA,u0VPKZZDA
uDZPXLNGR,uDZPXLNGR
uDZPXLNGR,uDZPXLNGR
uDZPXLNGR,uDZPXLNGR
uDZPXLNGR,uDZPXLNGR
uDZPXLNGR,uDZPXLNGR
uB5N41BCA,uB5N41BCA
uB5FIULFW,uB5FIULFW
uB5FIULFW,uB5FIULFW
uB5FIULFW,uB5FIULFW
uB5FIULFW,uB5FIULFW
uB5FIULFW,uB5FIULFW
uB5FIULFW,uB5FIULFW
uB5FIULFW,uB5FIULFW
uB5FIULFW,uB5FIULFW
uB5FIULFW,uB5FIULFW
uB5FIULFW,uB5FIULFW
uB5FIULFW,uB5FIULFW
uB5FIULFW,uB5FIULFW
uB5FIULFW,uB5FIULFW
u1CIXI0AO,u1CIXI0AO
u1CIXI0AO,u1CIXI0AO
uBIBFEKOJ,uBIBFEKOJ
uI43DM52T,uI43DM52T
uDZPXLNGR,uDZPXLNGR
uLCMDVHL4,uLCMDVHL4
uLMIOELVJ,uLMIOELVJ
uLMIOELVJ,uLMIOELVJ
uLMIOELVJ,uLMIOELVJ
u1OVXCZDQ,u1OVXCZDQ
uB5N4CQTA,uB5N4CQTA
uB5N4CQTA,uB5N4CQTA
uDZPXLNGR,uDZPXLNGR
uDZPXLNGR,uDZPXLNGR
uONPVXURN,uONPVXURN
uP2ZYSDGQ,uP2ZYSDGQ
uP2ZYSDGQ,uP2ZYSDGQ
uP2ZYSDGQ,uP2ZYSDGQ
uP2ZYSDGQ,uP2ZYSDGQ
uNEGKN1TU,uNEGKN1TU
uNEGKN1TU,uNEGKN1TU
uNEGKN1TU,uNEGKN1TU
uNEGKN1TU,uNEGKN1TU
uNEGKN1TU,uNEGKN1TU
uNEGKN1TU,uNEGKN1TU
uZQXX2B5O,uZQXX2B5O
uQSM3O442,uQSM3O442
uQSM3O442,uQSM3O442
uGL4TILPA,uGL4TILPA
uAHFS12RJ,uAHFS12RJ
uMLLEUS2G,uMLLEUS2G
uMLLEUS2G,uMLLEUS2G
uMLLEUS2G,uMLLEUS2G
uDGUXTBFE,uDGUXTBFE
uPKFKUFLN,uPKFKUFLN
uHRVMKBCX,uHRVMKBCX
uHRVMKBCX,uHRVMKBCX
uHRVMKBCX,uHRVMKBCX
uHRVMKBCX,uHRVMKBCX
u1OVXCZDQ,u1OVXCZDQ
u1OVXCZDQ,u1OVXCZDQ
u1OVXCZDQ,u1OVXCZDQ
u1OVXCZDQ,u1OVXCZDQ
u1OVXCZDQ,u1OVXCZDQ
uHQYNIPBI,uHQYNIPBI
uDZPXLNGR,uDZPXLNGR
uGL4NKUGN,uGL4NKUGN
uGL4NKUGN,uGL4NKUGN
uGL4NKUGN,uGL4NKUGN
uQZ0CI1XP,uQZ0CI1XP
uQZ0CI1XP,uQZ0CI1XP
uNEGH5EBD,uNEGH5EBD
uNEGH5EBD,uNEGH5EBD
u3JHZGRUJ,u3JHZGRUJ
u3JHZGRUJ,u3JHZGRUJ
uW0EHWZF5,uW0EHWZF5
uII5JGMNA,uII5JGMNA
uRUWEJJY,uRUWEJJY
uR1WYPC02,uR1WYPC02
uMMSCMFZS,uMMSCMFZS
uMMSCMFZS,uMMSCMFZS
uYC3IVPYP,uYC3IVPYP
u3FT3IIAO,u3FT3IIAO
u3FT3IIAO,u3FT3IIAO
u3FT3IIAO,u3FT3IIAO
uUPWTJS2C,uUPWTJS2C
uUPWTJS2C,uUPWTJS2C
uUPWTJS2C,uUPWTJS2C
uUPWTJS2C,uUPWTJS2C
uUPWTJS2C,uUPWTJS2C
uPKFHOUM2,uPKFHOUM2
uPKFHOUM2,uPKFHOUM2
uPKFHOUM2,uPKFHOUM2
uDSCBQLA,uDSCBQLA
uLCMDVHL4,uLCMDVHL4
uGL4NKUGN,uGL4NKUGN
uGL4NKUGN,uGL4NKUGN
uGL4NKUGN,uGL4NKUGN
uJWAAKU2Z,uJWAAKU2Z
uJWAAKU2Z,uJWAAKU2Z
uLUCGST3X,uLUCGST3X
uLUCGST3X,uLUCGST3X
uLUCGST3X,uLUCGST3X
uLUCGST3X,uLUCGST3X
uLUCGST3X,uLUCGST3X
uLUCGST3X,uLUCGST3X
uLUCGST3X,uLUCGST3X
uLUCGST3X,uLUCGST3X
uVEQCG4BW,uVEQCG4BW
u0AGSY5UZ,u0AGSY5UZ
u0AGSY5UZ,u0AGSY5UZ
u0AGSY5UZ,u0AGSY5UZ
u0AGSY5UZ,u0AGSY5UZ
u0AGSY5UZ,u0AGSY5UZ
u0AGSY5UZ,u0AGSY5UZ
u0AGSY5UZ,u0AGSY5UZ
uJWAAKU2Z,uJWAAKU2Z
uJWAAKU2Z,uJWAAKU2Z
uJWAAKU2Z,uJWAAKU2Z
uK3RRL5SU,uK3RRL5SU
uK3RRL5SU,uK3RRL5SU
uK3RRL5SU,uK3RRL5SU
uDSLZ1LN,uDSLZ1LN
uDSLZ1LN,uDSLZ1LN
uP2ZYQQTP,uP2ZYQQTP
uPA3JK0NW,uPA3JK0NW
uLUCJKVPN,uLUCJKVPN
uLUCJKVPN,uLUCJKVPN
uLUCJKVPN,uLUCJKVPN
uLUCJKVPN,uLUCJKVPN
uLUCJKVPN,uLUCJKVPN
uLUCJKVPN,uLUCJKVPN
uLUCJKVPN,uLUCJKVPN
uAHFD1TR0,uAHFD1TR0
uAHFD1TR0,uAHFD1TR0
uAHFD1TR0,uAHFD1TR0
uAHFD1TR0,uAHFD1TR0
uAHFD1TR0,uAHFD1TR0
uAHFD1TR0,uAHFD1TR0
uAHFD1TR0,uAHFD1TR0
u1OVXCZDQ,u1OVXCZDQ
u1OVXCZDQ,u1OVXCZDQ
uPKFKBC0E,uPKFKBC0E
uPKFKBC0E,uPKFKBC0E
uONP5KK5Z,uONP5KK5Z
uONP5KK5Z,uONP5KK5Z
uKB5I41QV,uKB5I41QV
uVEQWJZKW,uVEQWJZKW
uVEQWJZKW,uVEQWJZKW
uRU5Q100,uRU5Q100
u1OVXCZDQ,u1OVXCZDQ
u1OVXCZDQ,u1OVXCZDQ
u1OVXCZDQ,u1OVXCZDQ
u1OVXCZDQ,u1OVXCZDQ
u0AGJN53O,u0AGJN53O
u0AGJN53O,u0AGJN53O
uB5FIIRYE,uB5FIIRYE
uTS2CYEZY,uTS2CYEZY
uTS2CYEZY,uTS2CYEZY
uTS2CYEZY,uTS2CYEZY
uPKFH5CXY,uPKFH5CXY
uPKFH5CXY,uPKFH5CXY
uPKFH5CXY,uPKFH5CXY
uPKFH5CXY,uPKFH5CXY
uPKFH5CXY,uPKFH5CXY
uNEGKN1TU,uNEGKN1TU
uNEGKN1TU,uNEGKN1TU
uNEGKN1TU,uNEGKN1TU
uZNJISLOR,uZNJISLOR
uP2ZO0KGV,uP2ZO0KGV
uAHFJK2G4,uAHFJK2G4
uAHFJK2G4,uAHFJK2G4
u1O5F5OYJ,uAHFJK2G4
uHJXSKH3E,uHJXSKH3E
uHJXSKH3E,uHJXSKH3E
uHJXSKH3E,uHJXSKH3E
u1OVXCZDQ,u1OVXCZDQ
u1OVXCZDQ,u1OVXCZDQ
u1OVXCZDQ,u1OVXCZDQ
u1OVXCZDQ,u1OVXCZDQ
u1OVXCZDQ,u1OVXCZDQ
uEMB01APP,uEMB01APP
uEMB01APP,uEMB01APP
u1OVXCZDQ,u1OVXCZDQ
uB4H2UWVO,uB4H2UWVO
uLCMOUY1W,uLCMOUY1W
uMMSCW0U4,uMMSCW0U4
uRSRDCIBN,uRSRDCIBN
uP2ZSSMEC,uP2ZSSMEC
uQHCQJH4F,uQHCQJH4F
uQHCQJH4F,uQHCQJH4F
uQHCQJH4F,uQHCQJH4F
uQHCQJH4F,uQHCQJH4F
uQHCQJH4F,uQHCQJH4F
uNEGOO0LP,uNEGOO0LP
uNEGOO0LP,uNEGOO0LP
uNEGOO0LP,uNEGOO0LP
uNEGOO0LP,uNEGOO0LP
uNEGOO0LP,uNEGOO0LP
uNEGOO0LP,uNEGOO0LP
uNEGOO0LP,uNEGOO0LP
uNEGOO0LP,uNEGOO0LP
uTZ5GP2FH,uTZ5GP2FH
uII5JUKLY,uII5JUKLY
uII5JUKLY,uII5JUKLY
uATZMJRNF,uATZMJRNF
uATZMJRNF,uATZMJRNF
uATZMJRNF,uATZMJRNF
uATZMJRNF,uATZMJRNF
uATZMJRNF,uATZMJRNF
u0YU4CMF3,u0YU4CMF3
u0YU4CMF3,u0YU4CMF3
u0YU4CMF3,u0YU4CMF3
uPKFKOCR2,uPKFKOCR2
uPKFKOCR2,uPKFKOCR2
uPKFKOCR2,uPKFKOCR2
uZ32FOWEA,uZ32FOWEA
uZ32FOWEA,uZ32FOWEA
uJ2OILTPF,uJ2OILTPF
uJ2OILTPF,uJ2OILTPF
uJ2OILTPF,uJ2OILTPF
uJ2OILTPF,uJ2OILTPF
uJ2OILTPF,uJ2OILTPF
uJ2OILTPF,uJ2OILTPF
uHRVMKBCX,uHRVMKBCX
u1OVXCZDQ,u1OVXCZDQ
u1OVXCZDQ,u1OVXCZDQ
uM1U0BTOI,uM1U0BTOI
uM1U0BTOI,uM1U0BTOI
uM1U0BTOI,uM1U0BTOI
uJWAAKU2Z,uJWAAKU2Z
uJWAAKU2Z,uJWAAKU2Z
uJWAAKU2Z,uJWAAKU2Z
uJWAAKU2Z,uJWAAKU2Z
u1OVXCZDQ,u1OVXCZDQ
u1OVXCZDQ,u1OVXCZDQ
u1OVXCZDQ,u1OVXCZDQ
u1OVXCZDQ,u1OVXCZDQ
u0AGNSS2T,u0AGNSS2T
u0AGNSS2T,u0AGNSS2T
u0YUTGCKK,u0YUTGCKK
u0YUTGCKK,u0YUTGCKK
u0YUTGCKK,u0YUTGCKK
u0YUTGCKK,u0YUTGCKK
u0YUTGCKK,u0YUTGCKK
u0YUTGCKK,u0YUTGCKK
u0YUTGCKK,u0YUTGCKK
uTS2D5VPS,uTS2D5VPS
uVGJZZENS,uVGJZZENS
uI43O12AR,uI43O12AR
uI43O12AR,uI43O12AR
u0VPMVRCF,u0VPMVRCF
uDZPXLNGR,uDZPXLNGR
uDZPXLNGR,uDZPXLNGR
uDZPXLNGR,uDZPXLNGR
uDZPXLNGR,uDZPXLNGR
uDZPXLNGR,uDZPXLNGR
uLMIOURPO,uLMIOURPO
uLMIOURPO,uLMIOURPO
uLMIOURPO,uLMIOURPO
uJ2OU1SNJ,uJ2OU1SNJ
uDSHJZEG,uDSHJZEG
uMMSL5OL0,uMMSL5OL0
uMMSL5OL0,uMMSL5OL0
uMMSL5OL0,uMMSL5OL0
uMMSL5OL0,uMMSL5OL0
uMMSL5OL0,uMMSL5OL0
uMMSL5OL0,uMMSL5OL0
uMMSL5OL0,uMMSL5OL0
uMMSL5OL0,uMMSL5OL0
uMMSL5OL0,uMMSL5OL0
uMMSL5OL0,uMMSL5OL0
uMMSL5OL0,uMMSL5OL0
uMMSL5OL0,uMMSL5OL0
uZDQ0V5HL,uZDQ0V5HL
uZDQ0V5HL,uZDQ0V5HL
uZDQ0V5HL,uZDQ0V5HL
uWWBHOTZF,uWWBHOTZF
uRLOBYIZF,uRLOBYIZF
uRLOBYIZF,uRLOBYIZF
uRLOBYIZF,uRLOBYIZF
uRLOBYIZF,uRLOBYIZF
uVGJEADTR,uVGJEADTR
uBIBY2FYB,uBIBY2FYB
uHRVOPIYD,uHRVOPIYD
uHRVOPIYD,uHRVOPIYD
uHRVOPIYD,uHRVOPIYD
uHRVOPIYD,uHRVOPIYD
uRSRG4U4X,uRSRG4U4X
uBIBF002J,uBIBF002J
uJWAAKU2Z,uJWAAKU2Z
uJWAAKU2Z,uJWAAKU2Z
uJWAAKU2Z,uJWAAKU2Z
uJWAAKU2Z,uJWAAKU2Z
uDGURANQR,uDGURANQR
uVEQ5KVQJ,uVEQ5KVQJ
uVEQ5KVQJ,uVEQ5KVQJ
u02LNWPCJ,u02LNWPCJ
uJWA0PJ2S,uJWA0PJ2S
uJWA0PJ2S,uJWA0PJ2S
uGL4NKUGN,uGL4NKUGN
uGL4NKUGN,uGL4NKUGN
uPKFJNMWD,uPKFJNMWD
uPKFJNMWD,uPKFJNMWD
uB5NFJ2UW,uB5NFJ2UW
uBIBN0MZB,uBIBN0MZB
uBIBN0MZB,uBIBN0MZB
uP2ZYMM5Z,uP2ZYMM5Z
uSIAHRFN5,uSIAHRFN5
uSIAHRFN5,uSIAHRFN5
u1OVXCZDQ,u1OVXCZDQ
uTZ5B2RMN,uTZ5B2RMN
uTZ5B2RMN,uTZ5B2RMN
u1OVXCZDQ,u1OVXCZDQ
u1OVXCZDQ,u1OVXCZDQ
u5KYVR3YU,u5KYVR3YU
u5KYVR3YU,u5KYVR3YU
u5KYVR3YU,u5KYVR3YU
u5KYVR3YU,u5KYVR3YU
u5KYVR3YU,u5KYVR3YU
u1OVXCZDQ,u1OVXCZDQ
u1OVXCZDQ,u1OVXCZDQ
u1OVXCZDQ,u1OVXCZDQ
u02LNDIAU,u02LNDIAU
u02LNDIAU,u02LNDIAU
u02LNDIAU,u02LNDIAU
u02LNDIAU,u02LNDIAU
u02LNDIAU,u02LNDIAU
u02LNDIAU,u02LNDIAU
u02LNDIAU,u02LNDIAU
u02LNDIAU,u02LNDIAU
u02LNDIAU,u02LNDIAU
uLCMDVHL4,uLCMDVHL4
uJWI2GK3F,uJWI2GK3F
uJWI2GK3F,uJWI2GK3F
uJWI2GK3F,uJWI2GK3F
uJWI2GK3F,uJWI2GK3F
uJWI2GK3F,uJWI2GK3F
uJWI2GK3F,uJWI2GK3F
uJWI2GK3F,uJWI2GK3F
uJWI2GK3F,uJWI2GK3F
uW0EGCZMU,uW0EGCZMU
uDZPXLNGR,uDZPXLNGR
uHQYMD4PA,uHQYMD4PA
u5KYWADAD,u5KYWADAD
uGL4OYICL,uGL4OYICL
uHJXT0V1I,uHJXT0V1I
uHJXT0V1I,uHJXT0V1I
uWYNGXETD,uWYNGXETD
uGL4NKUGN,uGL4NKUGN
uDGURANQR,uDGURANQR
uWYNOTQBJ,uWYNOTQBJ
uWYNOTQBJ,uWYNOTQBJ
uWYNOTQBJ,uWYNOTQBJ
uWYNOTQBJ,uWYNOTQBJ
uP2ZO0KGV,uP2ZO0KGV
uP2ZO0KGV,uP2ZO0KGV
uVT4HDX1I,uVT4HDX1I
uVT4HDX1I,uVT4HDX1I
uVT4HDX1I,uVT4HDX1I
uVT4HDX1I,uVT4HDX1I
uVT4HDX1I,uVT4HDX1I
uVT4HDX1I,uVT4HDX1I
uVT4HDX1I,uVT4HDX1I
uVT4HDX1I,uVT4HDX1I
u1CIRQUB1,u1CIRQUB1
u1CIRQUB1,u1CIRQUB1
u1CIRQUB1,u1CIRQUB1
uVEQW1QSQ,uVEQW1QSQ
uVEQW1QSQ,uVEQW1QSQ
uLCMO1IOY,uLCMO1IOY
uLCMO1IOY,uLCMO1IOY
uLCMO1IOY,uLCMO1IOY
uLCMO1IOY,uLCMO1IOY
uWWBKPZTT,uWWBKPZTT
uWWBKPZTT,uWWBKPZTT
uWWBKPZTT,uWWBKPZTT
uLUCJ0E1V,uLUCJ0E1V
uCBTJJENF,uCBTJJENF
uCBTJJENF,uCBTJJENF
uCBTJJENF,uCBTJJENF
uB4HONZV5,uB4HONZV5
uB4HONZV5,uB4HONZV5
uB4HONZV5,uB4HONZV5
uDSGD01O,uDSGD01O
uDSGD01O,uDSGD01O
uR1WYPC02,uR1WYPC02
uR1WYPC02,uR1WYPC02
uR1WYPC02,uR1WYPC02
uR1WYPC02,uR1WYPC02
u1OVXCZDQ,u1OVXCZDQ
uONP5KK5Z,uONP5KK5Z
uONP5KK5Z,uONP5KK5Z
uCBTMKTEG,uCBTMKTEG
uCBTMKTEG,uCBTMKTEG
uCBTMKTEG,uCBTMKTEG
uCBTMKTEG,uCBTMKTEG
uCBTMKTEG,uCBTMKTEG
uNEGKN1TU,uNEGKN1TU
uNEGKN1TU,uNEGKN1TU
uNEGKN1TU,uNEGKN1TU
uNEGKN1TU,uNEGKN1TU
uB5NTIRMH,uB5NTIRMH
uB5NTIRMH,uB5NTIRMH
uB5NTIRMH,uB5NTIRMH
uB5NTIRMH,uB5NTIRMH
uB5NTIRMH,uB5NTIRMH
uB5NTIRMH,uB5NTIRMH
uB5NTIRMH,uB5NTIRMH
uBKZ0YT1I,uBKZ0YT1I
uBKZ0YT1I,uBKZ0YT1I
uBKZ0YT1I,uBKZ0YT1I
u1OVXCZDQ,u1OVXCZDQ
u1OVXCZDQ,u1OVXCZDQ
u1OVXCZDQ,u1OVXCZDQ
uRUWJOHY,uRUWJOHY
uQZ0E2B5Q,uQZ0E2B5Q
uNEGKN1TU,uNEGKN1TU
uNEGKN1TU,uNEGKN1TU
uNEGKN1TU,uNEGKN1TU
uNEGKN1TU,uNEGKN1TU
uHRVM4OW2,uHRVM4OW2
uFAGEGMS,uFAGEGMS
uP2ZYHBCL,uP2ZYHBCL
uP2ZYHBCL,uP2ZYHBCL
uP2ZYHBCL,uP2ZYHBCL
uP2ZYHBCL,uP2ZYHBCL
uP2ZYHBCL,uP2ZYHBCL
u1OVXCZDQ,u1OVXCZDQ
u1OVXCZDQ,u1OVXCZDQ
uHRVF3NBM,uHRVF3NBM
uHRVF3NBM,uHRVF3NBM
uHRVF3NBM,uHRVF3NBM
uHRVF3NBM,uHRVF3NBM
uHRVF3NBM,uHRVF3NBM
uPVDBJPTX,uPVDBJPTX
uPVDBJPTX,uPVDBJPTX
uPVDBJPTX,uPVDBJPTX
uPVDBJPTX,uPVDBJPTX
uONP50TEC,uONP50TEC
uONP50TEC,uONP50TEC
uONP50TEC,uONP50TEC
uVGJCWKL0,uVGJCWKL0
uVGJCWKL0,uVGJCWKL0
uVGJCWKL0,uVGJCWKL0
uVGJCWKL0,uVGJCWKL0
uVGJCWKL0,uVGJCWKL0
uVT4L2T40,uVT4L2T40
uVT4L2T40,uVT4L2T40
uVT4L2T40,uVT4L2T40
uDZPXLNGR,uDZPXLNGR
u1OVXCZDQ,u1OVXCZDQ
uQSM51IN1,uQSM51IN1
uQSM51IN1,uQSM51IN1
uQSM51IN1,uQSM51IN1
uQSM51IN1,uQSM51IN1
uQSM51IN1,uQSM51IN1
uQSM51IN1,uQSM51IN1
uQSM51IN1,uQSM51IN1
uQSM51IN1,uQSM51IN1
uQSM51IN1,uQSM51IN1
uQSM51IN1,uQSM51IN1
u1OVXCZDQ,u1OVXCZDQ
u1OVXCZDQ,u1OVXCZDQ
uEMBE5RPM,uEMBE5RPM
uEMBE5RPM,uEMBE5RPM
uDGURANQR,uDGURANQR
uDGURANQR,uDGURANQR
uDGURANQR,uDGURANQR
uDGURANQR,uDGURANQR
uDGURANQR,uDGURANQR
uDGURANQR,uDGURANQR
uNEGKN1TU,uNEGKN1TU
uY02E1VLF,uY02E1VLF
uY02E1VLF,uY02E1VLF
u1OVXCZDQ,u1OVXCZDQ
uBK1NYKBL,uBK1NYKBL
uBK1NYKBL,uBK1NYKBL
uS5WCRQ3U,uS5WCRQ3U
uMLLCZHGM,uMLLCZHGM
uMLLWW34N,uMLLWW34N
uMLLWW34N,uMLLWW34N
uMLLWW34N,uMLLWW34N
uMLLWW34N,uMLLWW34N
uPA3DXHNF,uPA3DXHNF
uMLLHTUTO,uMLLHTUTO
uMLLHTUTO,uMLLHTUTO
uMLLHTUTO,uMLLHTUTO
uMLLHTUTO,uMLLHTUTO
uMLLHTUTO,uMLLHTUTO
uVEQW1QSQ,uVEQW1QSQ
uVEQW1QSQ,uVEQW1QSQ
uVEQW1QSQ,uVEQW1QSQ
uVEQW1QSQ,uVEQW1QSQ
uS5WKZBT5,uS5WKZBT5
uS5WKZBT5,uS5WKZBT5
uHQYK0RDP,uHQYK0RDP
uHQYK0RDP,uHQYK0RDP
uB4GXIISG,uB4GXIISG
uB4GXIISG,uB4GXIISG
uB4GXIISG,uB4GXIISG
uB4GXIISG,uB4GXIISG
uJWAR3ZKZ,uJWAR3ZKZ
uJWAR3ZKZ,uJWAR3ZKZ
uK3R14QSF,uK3R14QSF
uK3R14QSF,uK3R14QSF
uK3R14QSF,uK3R14QSF
uK3R14QSF,uK3R14QSF
uLUCSSD0Q,uLUCSSD0Q
uLUCSSD0Q,uLUCSSD0Q
uLUCSSD0Q,uLUCSSD0Q
uZDQIDXP2,uZDQIDXP2
u1OVUI2T1,u1OVUI2T1
u1OVUI2T1,u1OVUI2T1
u1OVUI2T1,u1OVUI2T1
u1OVUI2T1,u1OVUI2T1
u1OVUI2T1,u1OVUI2T1
u1OVUI2T1,u1OVUI2T1
uB5NTIRMH,uB5NTIRMH
uB5NTIRMH,uB5NTIRMH
uB5NTIRMH,uB5NTIRMH
uB5NTIRMH,uB5NTIRMH
uB5NTIRMH,uB5NTIRMH
uB5NTIRMH,uB5NTIRMH
uR1WOTA3H,uR1WOTA3H
uR1WOTA3H,uR1WOTA3H
uR1WOTA3H,uR1WOTA3H
uR1WOTA3H,uR1WOTA3H
uR1WOTA3H,uR1WOTA3H
uR1WOTA3H,uR1WOTA3H
uR1WOTA3H,uR1WOTA3H
uR1WOTA3H,uR1WOTA3H
uR1WOTA3H,uR1WOTA3H
uI43Y5XTP,uI43Y5XTP
uI43Y5XTP,uI43Y5XTP
uQZ0ZJA4Y,uQZ0ZJA4Y
uQZ0ZJA4Y,uQZ0ZJA4Y
uQZ0ZJA4Y,uQZ0ZJA4Y
uDZPXLNGR,uDZPXLNGR
uDZPXLNGR,uDZPXLNGR
uGL4NT40N,uGL4NT40N
uGL4NT40N,uGL4NT40N
uGL4NT40N,uGL4NT40N
uNEGOBMVH,uNEGOBMVH
uNEGOBMVH,uNEGOBMVH
uKB5U41UV,uKB5U41UV
uKB5U41UV,uKB5U41UV
uWWBHLQ3N,uWWBHLQ3N
uNEGKN1TU,uNEGKN1TU
uNEGKN1TU,uNEGKN1TU
uLMIOELVJ,uLMIOELVJ
uLMIOELVJ,uLMIOELVJ
uLMIOELVJ,uLMIOELVJ
u1OVXCZDQ,u1OVXCZDQ
uHRVOTCVQ,uHRVOTCVQ
uHRVOTCVQ,uHRVOTCVQ
uHRVOTCVQ,uHRVOTCVQ
uHRVOTCVQ,uHRVOTCVQ
u1OVXCZDQ,u1OVXCZDQ
u1OVXCZDQ,u1OVXCZDQ
u1OVXCZDQ,u1OVXCZDQ
uZNJIKDWM,uZNJIKDWM
uGL4NKUGN,uGL4NKUGN
uGL4NKUGN,uGL4NKUGN
uCBTO5GPL,uCBTO5GPL
uCBTO5GPL,uCBTO5GPL
uQSMQMWPJ,uQSMQMWPJ
uRLODCJWH,uRLODCJWH
uDZPXLNGR,uDZPXLNGR
uDZPXLNGR,uDZPXLNGR
uDZPXLNGR,uDZPXLNGR
uDZPXLNGR,uDZPXLNGR
uS5WLD42I,uS5WLD42I
uPKFKB0QH,uPKFKB0QH
uPKFKB0QH,uPKFKB0QH
uPKFKB0QH,uPKFKB0QH
uPKFKB0QH,uPKFKB0QH
uWYNOTQBJ,uWYNOTQBJ
uWYNOTQBJ,uWYNOTQBJ
uWYNOTQBJ,uWYNOTQBJ
uZDQUSPR5,uZDQUSPR5
uZNJ3DTX0,uW0EODT2C
uDZPXLNGR,uDZPXLNGR
u351UYMAC,u351UYMAC
u351UYMAC,u351UYMAC
u351UYMAC,u351UYMAC
u1OVXCZDQ,u1OVXCZDQ
u1OVXCZDQ,u1OVXCZDQ
uPVDWOREI,uPVDWOREI
uPVDWOREI,uPVDWOREI
uZNJIKR4S,uZNJIKR4S
uZNJIKR4S,uZNJIKR4S
uZNJIKR4S,uZNJIKR4S
uZNJIKR4S,uZNJIKR4S
uZNJIKR4S,uZNJIKR4S
uZNJIKR4S,uZNJIKR4S
u1OVXCZDQ,u1OVXCZDQ
u1OVXCZDQ,u1OVXCZDQ
u1OVXCZDQ,u1OVXCZDQ
u1OVXCZDQ,u1OVXCZDQ
uDZPXLNGR,uDZPXLNGR
uONPUID5I,uONPUID5I
uONPUID5I,uONPUID5I
uONPUID5I,uONPUID5I
uONPUID5I,uONPUID5I
uONPUID5I,uONPUID5I
uONPUID5I,uONPUID5I
uLCMKLWSG,uLCMKLWSG
uLCMKLWSG,uLCMKLWSG
uLCMKLWSG,uLCMKLWSG
uLCMKLWSG,uLCMKLWSG
uLCMKLWSG,uLCMKLWSG
uDGURANQR,uDGURANQR
uNEGKN1TU,uNEGKN1TU
uNEGKN1TU,uNEGKN1TU
uB4GRDSFM,uB4GRDSFM
uB4GRDSFM,uB4GRDSFM
uB4GRDSFM,uB4GRDSFM
uB4GRDSFM,uB4GRDSFM
uONP5KK5Z,uONP5KK5Z
uONP5KK5Z,uONP5KK5Z
uONP5KK5Z,uONP5KK5Z
uONP5KK5Z,uONP5KK5Z
uONP5KK5Z,uONP5KK5Z
uONP5KK5Z,uONP5KK5Z
uONP5KK5Z,uONP5KK5Z
uRLOH233L,uRLOH233L
uAHFK3XB5,uAHFK3XB5
uR1WYPC02,uR1WYPC02
uR1WYPC02,uR1WYPC02
uR1WYPC02,uR1WYPC02
uTS2DGJ0Y,uTS2DGJ0Y
uTS2DGJ0Y,uTS2DGJ0Y
uDZPXLNGR,uDZPXLNGR
uDZPXLNGR,uDZPXLNGR
uDZPXLNGR,uDZPXLNGR
uDZPXLNGR,uDZPXLNGR
uDZPXLNGR,uDZPXLNGR
uDZPXLNGR,uDZPXLNGR
uDZPXLNGR,uDZPXLNGR
uDZPXLNGR,uDZPXLNGR
uNEGKN1TU,uNEGKN1TU
uM1U0BTOI,uM1U0BTOI
uM1U0BTOI,uM1U0BTOI
uM1U0BTOI,uM1U0BTOI
uM1U0BTOI,uM1U0BTOI
uM1U0BTOI,uM1U0BTOI
uM1U0BTOI,uM1U0BTOI
uM1U0BTOI,uM1U0BTOI
uM1U0BTOI,uM1U0BTOI
uFADO14A,uFADO14A
uBK1TTIKZ,uBK1TTIKZ
uBK1TTIKZ,uBK1TTIKZ
uBK1TTIKZ,uBK1TTIKZ
uBK1TTIKZ,uBK1TTIKZ
uBK1TTIKZ,uBK1TTIKZ
uBK1TTIKZ,uBK1TTIKZ
uBK1TTIKZ,uBK1TTIKZ
uBK1TTIKZ,uBK1TTIKZ
uBK1TTIKZ,uBK1TTIKZ
uBK1TTIKZ,uBK1TTIKZ
u1OVXCZDQ,u1OVXCZDQ
u1OVXCZDQ,u1OVXCZDQ
u1OVXCZDQ,u1OVXCZDQ
u1OVXCZDQ,u1OVXCZDQ
u1OVXCZDQ,u1OVXCZDQ
u1OVXCZDQ,u1OVXCZDQ
uDZPXLNGR,uDZPXLNGR
u1OVXCZDQ,u1OVXCZDQ
uLUCGST3X,uLUCGST3X
u1OVXCZDQ,u1OVXCZDQ
uB5N4IZQH,uB5N4IZQH
uB5N4IZQH,uB5N4IZQH
uR1WHLRP3,uB5N4IZQH
uKB5QQZ05,uKB5QQZ05
uKB5QQZ05,uKB5QQZ05
uEMBUCWBX,uEMBUCWBX
u0AGT15EK,u0AGT15EK
uWYNBI04H,uWYNBI04H
uWYNBI04H,uWYNBI04H
uWYNBI04H,uWYNBI04H
uRSRDCMDO,uRSRDCMDO
uJWI2GK3F,uJWI2GK3F
uJWI2GK3F,uJWI2GK3F
uJWI2GK3F,uJWI2GK3F
uJWI2GK3F,uJWI2GK3F
uJWI2GK3F,uJWI2GK3F
uJWI2GK3F,uJWI2GK3F
uJWI2GK3F,uJWI2GK3F
uZDQXS4IG,uZDQXS4IG
uZDQXS4IG,uZDQXS4IG
uZDQXS4IG,uZDQXS4IG
u3511M4PK,u3511M4PK
u3511M4PK,u3511M4PK
uDZPXS55H,uDZPXS55H
uHRVPYONN,uHRVPYONN
uHRVPYONN,uHRVPYONN
uDSCBQLA,uDSCBQLA
uDSCBQLA,uDSCBQLA
uDSCBQLA,uDSCBQLA
uDSCBQLA,uDSCBQLA
uDSCBQLA,uDSCBQLA
uDSCBQLA,uDSCBQLA
uDSCBQLA,uDSCBQLA
uDSCBQLA,uDSCBQLA
uDSCBQLA,uDSCBQLA
uDSCBQLA,uDSCBQLA
uDSCBQLA,uDSCBQLA
uDSCBQLA,uDSCBQLA
uDSCBQLA,uDSCBQLA
uDSCBQLA,uDSCBQLA
uDSCBQLA,uDSCBQLA
uDSCBQLA,uDSCBQLA
uDSCBQLA,uDSCBQLA
uDSCBQLA,uDSCBQLA
uHRVMKBCX,uHRVMKBCX
uHRVMKBCX,uHRVMKBCX
uHRVMKBCX,uHRVMKBCX
uHRVMKBCX,uHRVMKBCX
uHRVMKBCX,uHRVMKBCX
uHRVMKBCX,uHRVMKBCX
uHRVMKBCX,uHRVMKBCX
uHRVMKBCX,uHRVMKBCX
uHRVMKBCX,uHRVMKBCX
uHRVMKBCX,uHRVMKBCX
uLUCJKVPN,uLUCJKVPN
uR1WYPC02,uR1WYPC02
uR1WYPC02,uR1WYPC02
uR1WYPC02,uR1WYPC02
uR1WYPC02,uR1WYPC02
uQHC34QXY,uQHC34QXY
uQHC34QXY,uQHC34QXY
uQHC34QXY,uQHC34QXY
u351IG2HJ,u351IG2HJ
u02HICPMB,u351IG2HJ
uM1U0BTOI,uM1U0BTOI
uM1U0BTOI,uM1U0BTOI
uM1U0BTOI,uM1U0BTOI
uHRVMKBCX,uHRVMKBCX
uHRVMKBCX,uHRVMKBCX
uHRVMKBCX,uHRVMKBCX
uHRVMKBCX,uHRVMKBCX
uHRVMKBCX,uHRVMKBCX
uHRVMKBCX,uHRVMKBCX
uHRVMKBCX,uHRVMKBCX
uHRVMKBCX,uHRVMKBCX
uQHC33OVC,uQHC33OVC
uQHC33OVC,uQHC33OVC
uQHC33OVC,uQHC33OVC
uQHC33OVC,uQHC33OVC
uM1U0BTOI,uM1U0BTOI
uM1U0BTOI,uM1U0BTOI
uM1U0BTOI,uM1U0BTOI
uM1U0BTOI,uM1U0BTOI
uK3X2FRX2,uK3X2FRX2
uJ2OEXN0M,uJ2OEXN0M
uJ2OEXN0M,uJ2OEXN0M
uK3RU3VCI,uK3RU3VCI
uB5N4P30I,uB5N4P30I
uB5N4P30I,uB5N4P30I
uB5N4P30I,uB5N4P30I
u02LNWPCJ,u02LNWPCJ
u02LNWPCJ,u02LNWPCJ
u02LNWPCJ,u02LNWPCJ
uHRVM4OW2,uHRVM4OW2
u0AGSY5UZ,u0AGSY5UZ
u0AGSY5UZ,u0AGSY5UZ
u0AGSY5UZ,u0AGSY5UZ
u0AGSY5UZ,u0AGSY5UZ
u0AGSY5UZ,u0AGSY5UZ
u0AGSY5UZ,u0AGSY5UZ
u0AGSY5UZ,u0AGSY5UZ
uDGUXBUAT,uDGUXBUAT
uDGUXBUAT,uDGUXBUAT
uDGUXBUAT,uDGUXBUAT
uK3RUCIAX,uK3RUCIAX
uGL4NKUGN,uGL4NKUGN
uGL4NKUGN,uGL4NKUGN
uGL4NKUGN,uGL4NKUGN
uGL4NKUGN,uGL4NKUGN
u3FTZY1XB,u3FTZY1XB
uDZPXLNGR,uDZPXLNGR
uDZPXLNGR,uDZPXLNGR
uDZPXLNGR,uDZPXLNGR
uDZPXLNGR,uDZPXLNGR
uDZPXLNGR,uDZPXLNGR
uVGJCWKL0,uVGJCWKL0
uNEGTSUIQ,uNEGTSUIQ
uNEGTSUIQ,uNEGTSUIQ
uNEGTSUIQ,uNEGTSUIQ
uNEGTSUIQ,uNEGTSUIQ
u0YUP323V,u0YUP323V
u0YUP323V,u0YUP323V
uM1U53VCL,uM1U53VCL
uM1U53VCL,uM1U53VCL
uQSMQFMTA,uQSMQFMTA
uQSMQFMTA,uQSMQFMTA
uQSMQFMTA,uQSMQFMTA
uQSMQFMTA,uQSMQFMTA
uWWBBIN3D,uWWBBIN3D
uWWBBIN3D,uWWBBIN3D
uTS2GPGVY,uTS2GPGVY
uTS2GPGVY,uTS2GPGVY
uTS2GPGVY,uTS2GPGVY
uP2ZO0KGV,uP2ZO0KGV
uP2ZO0KGV,uP2ZO0KGV
uP2ZO0KGV,uP2ZO0KGV
uP2ZO0KGV,uP2ZO0KGV
uP2ZO0KGV,uP2ZO0KGV
u1OVXCZDQ,u1OVXCZDQ
uZQX1VXXD,uZQX1VXXD
uZQX1VXXD,uZQX1VXXD
uZQX1VXXD,uZQX1VXXD
uNEGOKC03,uNEGOKC03
uDZPXLNGR,uDZPXLNGR
uDZPXLNGR,uDZPXLNGR
uDZPXLNGR,uDZPXLNGR
uDZPXLNGR,uDZPXLNGR
uRUWVESY,uRUWVESY
uRUWVESY,uRUWVESY
uRUWVESY,uRUWVESY
uRUWVESY,uRUWVESY
uRUWVESY,uRUWVESY
uS5W3PSF1,uS5W3PSF1
uS5W3PSF1,uS5W3PSF1
uS5W3PSF1,uS5W3PSF1
uS5W3PSF1,uS5W3PSF1
uS5W3PSF1,uS5W3PSF1
uS5W3PSF1,uS5W3PSF1
uS5W3PSF1,uS5W3PSF1
uS5WKZBT5,uS5WKZBT5
uS5WKZBT5,uS5WKZBT5
u1OVXCZDQ,u1OVXCZDQ
u1OVXCZDQ,u1OVXCZDQ
uGL4NKUGN,uGL4NKUGN
uGL4NKUGN,uGL4NKUGN
uGL4NKUGN,uGL4NKUGN
uGL4NKUGN,uGL4NKUGN
uB5NFJ2UW,uB5NFJ2UW
uHJXSKH3E,uHJXSKH3E
uQSMQ522Z,uQSMQ522Z
uQSMQ522Z,uQSMQ522Z
uQSMQ522Z,uQSMQ522Z
uQSMQ522Z,uQSMQ522Z
uQSMQ522Z,uQSMQ522Z
uQSMQ522Z,uQSMQ522Z
uQSMQ522Z,uQSMQ522Z
uQSMQ522Z,uQSMQ522Z
uQSMQ522Z,uQSMQ522Z
uQSMQ522Z,uQSMQ522Z
uVGJCWKL0,uVGJCWKL0
uRSRHDAIF,uRSRHDAIF
uVGJL3MS5,uVGJL3MS5
uVGJL3MS5,uVGJL3MS5
uW0EJFK2V,uW0EJFK2V
uR1WB3VVJ,uR1WB3VVJ
uR1WB3VVJ,uR1WB3VVJ
uNEGYV0O1,uNEGYV0O1
uNEGYV0O1,uNEGYV0O1
uBIBF3NWV,uBIBF3NWV
uB5NMTR41,uB5NMTR41
uAHFMZREH,uAHFMZREH
uAHFMZREH,uAHFMZREH
uAHFMZREH,uAHFMZREH
uJWAAKU2Z,uJWAAKU2Z
uGL4NKUGN,uGL4NKUGN
uDZPXLNGR,uDZPXLNGR
uDZPXLNGR,uDZPXLNGR
uDZPXLNGR,uDZPXLNGR
uDSLIMMK,uDSLIMMK
uDSLIMMK,uDSLIMMK
uDSLIMMK,uDSLIMMK
uDSLIMMK,uDSLIMMK
uCBTCQ4DW,uCBTCQ4DW
uCBTCQ4DW,uCBTCQ4DW
uCBTCQ4DW,uCBTCQ4DW
uCBTCQ4DW,uCBTCQ4DW
uCBTCQ4DW,uCBTCQ4DW
uCBTCQ4DW,uCBTCQ4DW
uCBTCQ4DW,uCBTCQ4DW
uAHFSI1W5,uAHFSI1W5
uRLOBWVPY,uRLOBWVPY
uRLOBWVPY,uRLOBWVPY
u1OVXCZDQ,u1OVXCZDQ
u1OVXCZDQ,u1OVXCZDQ
u1OVXCZDQ,u1OVXCZDQ
uQSMQU3H4,uQSMQU3H4
uQSMQU3H4,uQSMQU3H4
uR1WYPC02,uR1WYPC02
uR1WYPC02,uR1WYPC02
uYC3Z0K5E,uYC3Z0K5E
uYC3Z0K5E,uYC3Z0K5E
uYC3Z0K5E,uYC3Z0K5E
u1O5F5OYJ,uYC3Z0K5E
uGL4PP5SI,uGL4PP5SI
uRLOBYIZF,uRLOBYIZF
uRLOBYIZF,uRLOBYIZF
uM1UCZPKN,uM1UCZPKN
uM1UCZPKN,uM1UCZPKN
uQZ0QASGS,uQZ0QASGS
uGL4NKUGN,uGL4NKUGN
uGL4NKUGN,uGL4NKUGN
uGL4NKUGN,uGL4NKUGN
uGL4NKUGN,uGL4NKUGN
uGL4NKUGN,uGL4NKUGN
uGL4NKUGN,uGL4NKUGN
uGL4NKUGN,uGL4NKUGN
uONP5KK5Z,uONP5KK5Z
uMLLCZHGM,uMLLCZHGM
uZ3220RSN,uZ3220RSN
uOQZ34JQI,uOQZ34JQI
uOQZ34JQI,uOQZ34JQI
uY02ZKAWQ,uY02ZKAWQ
uY02ZKAWQ,uY02ZKAWQ
uRLOQMWIJ,uRLOQMWIJ
uRLOQMWIJ,uRLOQMWIJ
u1OVXCZDQ,u1OVXCZDQ
u1OVXCZDQ,u1OVXCZDQ
u1OVXCZDQ,u1OVXCZDQ
u1OVXCZDQ,u1OVXCZDQ
uGL4NKUGN,uGL4NKUGN
uGL4NKUGN,uGL4NKUGN
uGL4NKUGN,uGL4NKUGN
uJWAAKU2Z,uJWAAKU2Z
uJWAAKU2Z,uJWAAKU2Z
uJWAAKU2Z,uJWAAKU2Z
uJWAAKU2Z,uJWAAKU2Z
uGL4P3KCV,uGL4P3KCV
uM1U0BTOI,uM1U0BTOI
uM1U0BTOI,uM1U0BTOI
uLUCKEKSM,uLUCKEKSM
uOQZQEW0P,uOQZQEW0P
uOQZQEW0P,uOQZQEW0P
uHQYPQG5V,uHQYPQG5V
uHQYPQG5V,uHQYPQG5V
uATZSTTKM,uATZSTTKM
uDZPXLNGR,uDZPXLNGR
uQSMQFMTA,uQSMQFMTA
uQSMQFMTA,uQSMQFMTA
uQSMQFMTA,uQSMQFMTA
uQSMQFMTA,uQSMQFMTA
uQSMQFMTA,uQSMQFMTA
uQSMQFMTA,uQSMQFMTA
uW0ELY1EP,uW0ELY1EP
uP2ZO0KGV,uP2ZO0KGV
u3510EPCK,u3510EPCK
u3510EPCK,u3510EPCK
u3510EPCK,u3510EPCK
u3510EPCK,u3510EPCK
u3510EPCK,u3510EPCK
u3510EPCK,u3510EPCK
u3510EPCK,u3510EPCK
u3510EPCK,u3510EPCK
uNEGKN1TU,uNEGKN1TU
uNEGKN1TU,uNEGKN1TU
uNEGKN1TU,uNEGKN1TU
uNEGKN1TU,uNEGKN1TU
uNEGKN1TU,uNEGKN1TU
uNEGKN1TU,uNEGKN1TU
uNEGKN1TU,uNEGKN1TU
u1OVXCZDQ,u1OVXCZDQ
uGL4NKUGN,uGL4NKUGN
uGL4NKUGN,uGL4NKUGN
uGL4NKUGN,uGL4NKUGN
uPA3KYCI3,uPA3KYCI3
uPA3KYCI3,uPA3KYCI3
uPA3KYCI3,uPA3KYCI3
uPA3KYCI3,uPA3KYCI3
uPA3KYCI3,uPA3KYCI3
uFAKK50Z,uFAKK50Z
uFAKK50Z,uFAKK50Z
uEMBUT4RY,uEMBUT4RY
uEMBUT4RY,uEMBUT4RY
uEMBUT4RY,uEMBUT4RY
uEMBUT4RY,uEMBUT4RY
uLCMDVHL4,uLCMDVHL4
uJWA0XPOD,uJWA0XPOD
uJWA0XPOD,uJWA0XPOD
uJWA0XPOD,uJWA0XPOD
uZXY1MEJE,uZXY1MEJE
uDGURPDIA,uDGURPDIA
uDGURPDIA,uDGURPDIA
uDGURPDIA,uDGURPDIA
uB4H4MT1R,uB4H4MT1R
uFAW5UZM,uFAW5UZM
uFAW5UZM,uFAW5UZM
uFAW5UZM,uFAW5UZM
uFAW5UZM,uFAW5UZM
uFAW5UZM,uFAW5UZM
uFAW5UZM,uFAW5UZM
uFAW5UZM,uFAW5UZM
uFAW5UZM,uFAW5UZM
uFAW5UZM,uFAW5UZM
uR1WBHSHG,uFAW5UZM
uWWBHOTZF,uWWBHOTZF
uNEGSB1QA,uNEGSB1QA
uNEGSB1QA,uNEGSB1QA
uNEGSB1QA,uNEGSB1QA
uVEQVPLGX,uVEQVPLGX
uEMBIFOLG,uEMBIFOLG
uEMBIFOLG,uEMBIFOLG
uEMBIFOLG,uEMBIFOLG
uLCMFIE0V,uLCMFIE0V
uLCMFIE0V,uLCMFIE0V
uLCMFIE0V,uLCMFIE0V
uLCMFIE0V,uLCMFIE0V
uLCMFIE0V,uLCMFIE0V
uLCMFIE0V,uLCMFIE0V
uLCMFIE0V,uLCMFIE0V
uLCMFIE0V,uLCMFIE0V
uLCMFIE0V,uLCMFIE0V
uLCMFIE0V,uLCMFIE0V
uATZOSLWS,uATZOSLWS
uATZOSLWS,uATZOSLWS
uATZOSLWS,uATZOSLWS
u351AOSYP,u351AOSYP
u351AOSYP,u351AOSYP
uNEGKN1TU,uNEGKN1TU
uWWBLED4V,uWWBLED4V
uWWBLED4V,uWWBLED4V
uWWBLED4V,uWWBLED4V
uWWBLED4V,uWWBLED4V
uWWBLED4V,uWWBLED4V
uWWBLED4V,uWWBLED4V
uWWBLED4V,uWWBLED4V
uWWBLED4V,uWWBLED4V
uWWBLED4V,uWWBLED4V
uWWBLED4V,uWWBLED4V
uWWBLED4V,uWWBLED4V
uWWBLED4V,uWWBLED4V
uWWBLED4V,uWWBLED4V
uWWBLED4V,uWWBLED4V
uDG0MGTJP,uDG0MGTJP
uDG0MGTJP,uDG0MGTJP
uDG0MGTJP,uDG0MGTJP
uDG0MGTJP,uDG0MGTJP
uDG0MGTJP,uDG0MGTJP
uM1U0BTOI,uM1U0BTOI
uM1U0BTOI,uM1U0BTOI
uM1U0BTOI,uM1U0BTOI
uK3RIYN33,uK3RIYN33
uVGJDHWG4,uVGJDHWG4
u02LNWPCJ,u02LNWPCJ
u02LNWPCJ,u02LNWPCJ
u02LNWPCJ,u02LNWPCJ
u02LNWPCJ,u02LNWPCJ
uB5NMTR41,uB5NMTR41
uB5NMTR41,uB5NMTR41
uB5NMTR41,uB5NMTR41
uEMB0O51I,uEMB0O51I
u0AGOPLNL,u0AGOPLNL
u0AGOPLNL,u0AGOPLNL
u0AGOPLNL,u0AGOPLNL
u0AGOPLNL,u0AGOPLNL
uJWAI4PQ5,uJWAI4PQ5
uJWAI4PQ5,uJWAI4PQ5
uJWAI4PQ5,uJWAI4PQ5
uJWAI4PQ5,uJWAI4PQ5
uS5WVDCWS,uS5WVDCWS
u02LNWPCJ,u02LNWPCJ
u02LNWPCJ,u02LNWPCJ
u02LNWPCJ,u02LNWPCJ
uZXYRU35B,uZXYRU35B
uS5WKZBT5,uS5WKZBT5
u351Z5BYV,u351Z5BYV
u351Z5BYV,u351Z5BYV
u351Z5BYV,u351Z5BYV
uQZ0CI1XP,uQZ0CI1XP
uQZ0CI1XP,uQZ0CI1XP
uQZ0CI1XP,uQZ0CI1XP
uQZ0CI1XP,uQZ0CI1XP
uQHCQOUFU,uQHCQOUFU
uQHCQOUFU,uQHCQOUFU
uQHCQOUFU,uQHCQOUFU
uQHCQOUFU,uQHCQOUFU
uHRVMKBCX,uHRVMKBCX
uHRVMKBCX,uHRVMKBCX
u0AGSXAJQ,u0AGSXAJQ
u0AGSXAJQ,u0AGSXAJQ
u0AGSXAJQ,u0AGSXAJQ
u0AGSXAJQ,u0AGSXAJQ
u0AGSXAJQ,u0AGSXAJQ
u0AGSXAJQ,u0AGSXAJQ
u0AGSXAJQ,u0AGSXAJQ
u0AGSXAJQ,u0AGSXAJQ
u0AGSXAJQ,u0AGSXAJQ
u0AGSXAJQ,u0AGSXAJQ
uDZPXLNGR,uDZPXLNGR
uDZPXLNGR,uDZPXLNGR
uDZPXLNGR,uDZPXLNGR
uDZPXLNGR,uDZPXLNGR
uDZPXLNGR,uDZPXLNGR
uDZPXLNGR,uDZPXLNGR
uDZPXLNGR,uDZPXLNGR
uDZPXLNGR,uDZPXLNGR
uDZPXLNGR,uDZPXLNGR
uVEQW1QSQ,uVEQW1QSQ
uVEQW1QSQ,uVEQW1QSQ
uVEQW1QSQ,uVEQW1QSQ
uVEQW1QSQ,uVEQW1QSQ
u1CRTWUYN,u1CRTWUYN
u0YUYVXM3,u0YUYVXM3
u0YUYVXM3,u0YUYVXM3
u0YUYVXM3,u0YUYVXM3
u0YUYVXM3,u0YUYVXM3
uP2ZO0VIL,uP2ZO0VIL
uP2ZO0VIL,uP2ZO0VIL
uP2ZO0VIL,uP2ZO0VIL
uP2ZO0VIL,uP2ZO0VIL
uP2ZO0VIL,uP2ZO0VIL
uVGJCBHZL,uVGJCBHZL
uVGJCBHZL,uVGJCBHZL
uMLLQC3WE,uMLLQC3WE
u0AGT15EK,u0AGT15EK
u0AGT15EK,u0AGT15EK
uP2ZOKHVN,uP2ZOKHVN
uP2ZOKHVN,uP2ZOKHVN
uP2ZOKHVN,uP2ZOKHVN
u1OVXCZDQ,u1OVXCZDQ
u1OVXCZDQ,u1OVXCZDQ
u1OVXCZDQ,u1OVXCZDQ
u1OVXCZDQ,u1OVXCZDQ
uPKFYGQM0,uPKFYGQM0
uRUCJ5QW,uRUCJ5QW
uDSCBQLA,uDSCBQLA
uDSCBQLA,uDSCBQLA
uDSCBQLA,uDSCBQLA
uDSCBQLA,uDSCBQLA
uDSCBQLA,uDSCBQLA
uDSCBQLA,uDSCBQLA
uDSCBQLA,uDSCBQLA
uDSCBQLA,uDSCBQLA
uDSCBQLA,uDSCBQLA
uDSCBQLA,uDSCBQLA
uDSCBQLA,uDSCBQLA
uDSCBQLA,uDSCBQLA
uDSCBQLA,uDSCBQLA
uDSCBQLA,uDSCBQLA
uDSCBQLA,uDSCBQLA
uDSCBQLA,uDSCBQLA
uDSCBQLA,uDSCBQLA
uDSCBQLA,uDSCBQLA
uDSCBQLA,uDSCBQLA
uDSCBQLA,uDSCBQLA
uLCMOWAF0,uLCMOWAF0
uLCMOWAF0,uLCMOWAF0
uZXYRCCOG,uZXYRCCOG
uZXYRCCOG,uZXYRCCOG
u1OVXCZDQ,u1OVXCZDQ
u1OVXCZDQ,u1OVXCZDQ
u1OVXCZDQ,u1OVXCZDQ
u1OVXCZDQ,u1OVXCZDQ
u1OVXCZDQ,u1OVXCZDQ
u1OVXCZDQ,u1OVXCZDQ
u1OVXCZDQ,u1OVXCZDQ
uONPLWE4V,uONPLWE4V
u1OVXCZDQ,u1OVXCZDQ
u1OVXCZDQ,u1OVXCZDQ
uB5FIIRYE,uB5FIIRYE
uB5FIIRYE,uB5FIIRYE
uHRVMACQM,uHRVMACQM
uHRVMACQM,uHRVMACQM
uHRVMACQM,uHRVMACQM
uHRVMACQM,uHRVMACQM
uHRVMACQM,uHRVMACQM
uHRVMACQM,uHRVMACQM
uVGJV2A53,uHRVMACQM
uII5OUVZF,uII5OUVZF
uII5OUVZF,uII5OUVZF
uII5OUVZF,uII5OUVZF
uII5OUVZF,uII5OUVZF
u1OVXCZDQ,u1OVXCZDQ
u1OVXCZDQ,u1OVXCZDQ
u1OVXCZDQ,u1OVXCZDQ
u1OVXCZDQ,u1OVXCZDQ
u1OVXCZDQ,u1OVXCZDQ
uONPVYB0H,uONPVYB0H
uONPVYB0H,uONPVYB0H
uONPVYB0H,uONPVYB0H
uONPVYB0H,uONPVYB0H
uVGJCWKL0,uVGJCWKL0
uVGJCWKL0,uVGJCWKL0
uVGJCWKL0,uVGJCWKL0
uVGJCWKL0,uVGJCWKL0
uJWAAKU2Z,uJWAAKU2Z
uJWAAKU2Z,uJWAAKU2Z
uJWAAKU2Z,uJWAAKU2Z
uJWAAKU2Z,uJWAAKU2Z
uJWAAKU2Z,uJWAAKU2Z
uDZPXLNGR,uDZPXLNGR
uDZPXLNGR,uDZPXLNGR
uDZPXLNGR,uDZPXLNGR
uZDQRPSMQ,uZDQRPSMQ
uPVDK4WFR,uPVDK4WFR
uB5NMTR41,uB5NMTR41
uB5NMTR41,uB5NMTR41
uB5NMTR41,uB5NMTR41
uATZMNQXR,uATZMNQXR
uEMB1ISU4,uEMB1ISU4
uII5SUFRJ,uII5SUFRJ
u3JHEQQYM,u3JHEQQYM
u3JHEQQYM,u3JHEQQYM
u3JHEQQYM,u3JHEQQYM
uNEGKN1TU,uNEGKN1TU
uTS2DY5YY,uTS2DY5YY
uTS2DY5YY,uTS2DY5YY
uMLLEGU1B,uMLLEGU1B
uMLLEGU1B,uMLLEGU1B
uMLLEGU1B,uMLLEGU1B
uHRVF3NBM,uHRVF3NBM
uHRVF3NBM,uHRVF3NBM
uHRVF3NBM,uHRVF3NBM
uHRVF3NBM,uHRVF3NBM
uHRVF3NBM,uHRVF3NBM
uHRVF3NBM,uHRVF3NBM
uHRVF3NBM,uHRVF3NBM
uHRVF3NBM,uHRVF3NBM
uHRVF3NBM,uHRVF3NBM
uHRVF3NBM,uHRVF3NBM
uHRVF3NBM,uHRVF3NBM
uY02ZKAWQ,uY02ZKAWQ
uY02ZKAWQ,uY02ZKAWQ
uY02ZKAWQ,uY02ZKAWQ
uY02ZKAWQ,uY02ZKAWQ
uHRVMKBCX,uHRVMKBCX
uONP5KK5Z,uONP5KK5Z
uONP5KK5Z,uONP5KK5Z
uONP5KK5Z,uONP5KK5Z
uONP5KK5Z,uONP5KK5Z
uONP5KK5Z,uONP5KK5Z
u1OVXCZDQ,u1OVXCZDQ
u1OVXCZDQ,u1OVXCZDQ
u1OVXCZDQ,u1OVXCZDQ
uLUCBOANL,uLUCBOANL
uLUCBOANL,uLUCBOANL
uNEGKN1TU,uNEGKN1TU
uNEGKN1TU,uNEGKN1TU
uNEGKN1TU,uNEGKN1TU
uNEGKN1TU,uNEGKN1TU
uNEGKN1TU,uNEGKN1TU
uNEGKN1TU,uNEGKN1TU
uNEGKN1TU,uNEGKN1TU
uNEGKN1TU,uNEGKN1TU
uDSHLKI2,uDSHLKI2
u351Z5BYV,u351Z5BYV
uZDQRII05,uZDQRII05
uATZO45LO,uATZO45LO
uATZO45LO,uATZO45LO
uATZO45LO,uATZO45LO
uP2ZYSDGQ,uP2ZYSDGQ
uLUCYCWUQ,uLUCYCWUQ
uLUCYCWUQ,uLUCYCWUQ
uLUCYCWUQ,uLUCYCWUQ
uNEGKN1TU,uNEGKN1TU
uPVDWOREI,uPVDWOREI
uPVDWOREI,uPVDWOREI
uPVDWOREI,uPVDWOREI
uPVDWOREI,uPVDWOREI
uPVDWOREI,uPVDWOREI
uVGJWAQD5,uVGJWAQD5
uVGJWAQD5,uVGJWAQD5
uVGJWAQD5,uVGJWAQD5
uWWBBIN3D,uWWBBIN3D
uWWBBIN3D,uWWBBIN3D
uP2ZO0KGV,uP2ZO0KGV
uP2ZO0KGV,uP2ZO0KGV
uP2ZO0KGV,uP2ZO0KGV
uLCMDVHL4,uLCMDVHL4
uRSRC1WGS,uRSRC1WGS
uRSRC1WGS,uRSRC1WGS
uVEQCG4BW,uVEQCG4BW
uVEQCG4BW,uVEQCG4BW
uVEQCG4BW,uVEQCG4BW
uVEQCG4BW,uVEQCG4BW
uHJXMUWLH,uHJXMUWLH
u1CRTWUYN,u1CRTWUYN
u1CRTWUYN,u1CRTWUYN
u1CRTWUYN,u1CRTWUYN
u1O5SP5N0,u1O5SP5N0
u1O5SP5N0,u1O5SP5N0
u1O5SP5N0,u1O5SP5N0
u1O5SP5N0,u1O5SP5N0
u1O5SP5N0,u1O5SP5N0
u1O5SP5N0,u1O5SP5N0
u1O5SP5N0,u1O5SP5N0
u1O5SP5N0,u1O5SP5N0
u1O5SP5N0,u1O5SP5N0
u1O5SP5N0,u1O5SP5N0
u1O5SP5N0,u1O5SP5N0
u1O5SP5N0,u1O5SP5N0
uOQZ1TBVR,u1O5SP5N0
uZQXILBAP,uZQXILBAP
uZQXILBAP,uZQXILBAP
uHQYSIDQD,uHQYSIDQD
uVT4HRO10,uVT4HRO10
uII5YXYCH,uII5YXYCH
uII5YXYCH,uII5YXYCH
uII5YXYCH,uII5YXYCH
uNEGKN1TU,uNEGKN1TU
uNEGKN1TU,uNEGKN1TU
uNEGKN1TU,uNEGKN1TU
uNEGKN1TU,uNEGKN1TU
uNEGKN1TU,uNEGKN1TU
uNEGKN1TU,uNEGKN1TU
uNEGKN1TU,uNEGKN1TU
uNEGKN1TU,uNEGKN1TU
u1OVXCZDQ,u1OVXCZDQ
u1OVXCZDQ,u1OVXCZDQ
u1OVXCZDQ,u1OVXCZDQ
u1OVXCZDQ,u1OVXCZDQ
u1OVXCZDQ,u1OVXCZDQ
u1OVXCZDQ,u1OVXCZDQ
u1OVXCZDQ,u1OVXCZDQ
uDZPXLNGR,uDZPXLNGR
uDZPXLNGR,uDZPXLNGR
uDZPXLNGR,uDZPXLNGR
uDZPXLNGR,uDZPXLNGR
uRULQCVL,uRULQCVL
uRULQCVL,uRULQCVL
uRSRDCMDO,uRSRDCMDO
uTZ5GZ4EL,uTZ5GZ4EL
uDZPXLNGR,uDZPXLNGR
uB4GX05AM,uB4GX05AM
uM1UGCNXW,uM1UGCNXW
uM1UGCNXW,uM1UGCNXW
u02LPJ5II,u02LPJ5II
u02LPJ5II,u02LPJ5II
u02LPJ5II,u02LPJ5II
u02LPJ5II,u02LPJ5II
uHRVMUXFW,uHRVMUXFW
uUPW4GOW0,uUPW4GOW0
uUPW4GOW0,uUPW4GOW0
uUPW4GOW0,uUPW4GOW0
uUPW4GOW0,uUPW4GOW0
uUPW4GOW0,uUPW4GOW0
uUPW4GOW0,uUPW4GOW0
uUPW4GOW0,uUPW4GOW0
uPKFLKQKX,uPKFLKQKX
uPKFLKQKX,uPKFLKQKX
uPKFLKQKX,uPKFLKQKX
uPKFLKQKX,uPKFLKQKX
uPKFLKQKX,uPKFLKQKX
u1OVRUOD2,u1OVRUOD2
u1OVRUOD2,u1OVRUOD2
u1OVRUOD2,u1OVRUOD2
uHRVOCB2B,uHRVOCB2B
uRUWEJJY,uRUWEJJY
uRUWEJJY,uRUWEJJY
u3511MMZ0,u3511MMZ0
uCBTKEEUY,uCBTKEEUY
uCBTKEEUY,uCBTKEEUY
uCBTKEEUY,uCBTKEEUY
u0VPNDIMV,uCBTKEEUY
uUPWNKKJA,uUPWNKKJA
uPKFORX4S,uPKFORX4S
u1O5PBSX1,u1O5PBSX1
uDZPXLNGR,uDZPXLNGR
uDZPXLNGR,uDZPXLNGR
uY02ZKAWQ,uY02ZKAWQ
uY02ZKAWQ,uY02ZKAWQ
uHRVSGCPC,uHRVSGCPC
uHRVSGCPC,uHRVSGCPC
uHRVSGCPC,uHRVSGCPC
uNEGKN1TU,uNEGKN1TU
uNEGKN1TU,uNEGKN1TU
uNEGKN1TU,uNEGKN1TU
uNEGKN1TU,uNEGKN1TU
uNEGKN1TU,uNEGKN1TU
uPKFHOUM2,uPKFHOUM2
uPKFHOUM2,uPKFHOUM2
uDZPXLNGR,uDZPXLNGR
uDZPXLNGR,uDZPXLNGR
uVGJCWKL0,uVGJCWKL0
uVGJCWKL0,uVGJCWKL0
uVGJCWKL0,uVGJCWKL0
uKB515LVK,uKB515LVK
uKB515LVK,uKB515LVK
uKB515LVK,uKB515LVK
uKB515LVK,uKB515LVK
uKB515LVK,uKB515LVK
uVEQLVOSA,uVEQLVOSA
uHRVMKBCX,uHRVMKBCX
uDSCBQLA,uDSCBQLA
uDSCBQLA,uDSCBQLA
uDSCBQLA,uDSCBQLA
uDSCBQLA,uDSCBQLA
uQSMQFMTA,uQSMQFMTA
uQSMQFMTA,uQSMQFMTA
uQSMQFMTA,uQSMQFMTA
uQSMQFMTA,uQSMQFMTA
uQSMQFMTA,uQSMQFMTA
uQSMQFMTA,uQSMQFMTA
uQSMQFMTA,uQSMQFMTA
uQSMQFMTA,uQSMQFMTA
uQSMQFMTA,uQSMQFMTA
uQSMQFMTA,uQSMQFMTA
uQSMQFMTA,uQSMQFMTA
uQSMQFMTA,uQSMQFMTA
uGL4NKUGN,uGL4NKUGN
uQSMQ1U1N,uQSMQ1U1N
uQSMQ1U1N,uQSMQ1U1N
uRLOOTIWV,uRLOOTIWV
uQSMQFMTA,uQSMQFMTA
uB5N4IZQH,uB5N4IZQH
uB5N4IZQH,uB5N4IZQH
uB5N4IZQH,uB5N4IZQH
uB5N4IZQH,uB5N4IZQH
uB5N4IZQH,uB5N4IZQH
uB5N4IZQH,uB5N4IZQH
uZXY0T4HQ,uB5N4IZQH
uP2ZO0KGV,uP2ZO0KGV
uP2ZO0KGV,uP2ZO0KGV
uP2ZO0KGV,uP2ZO0KGV
uHJXGQSOA,uHJXGQSOA
uQZ0Z1CPB,uQZ0Z1CPB
uQZ0Z1CPB,uQZ0Z1CPB
uVT4HGQKR,uVT4HGQKR
uVT4HGQKR,uVT4HGQKR
uVT4HGQKR,uVT4HGQKR
uVT4HGQKR,uVT4HGQKR
uVT4HGQKR,uVT4HGQKR
uVT4HGQKR,uVT4HGQKR
uVT4HGQKR,uVT4HGQKR
uVT4HGQKR,uVT4HGQKR
uVT4HGQKR,uVT4HGQKR
uVT4HGQKR,uVT4HGQKR
uVT4HGQKR,uVT4HGQKR
uVT4HGQKR,uVT4HGQKR
uVT4HGQKR,uVT4HGQKR
uVT4HGQKR,uVT4HGQKR
uM1U0BTOI,uM1U0BTOI
uM1U0BTOI,uM1U0BTOI
uM1U0BTOI,uM1U0BTOI
uM1U0BTOI,uM1U0BTOI
uM1U0BTOI,uM1U0BTOI
uM1U0BTOI,uM1U0BTOI
uM1U0BTOI,uM1U0BTOI
uM1U0BTOI,uM1U0BTOI
uM1U0BTOI,uM1U0BTOI
uM1U0BTOI,uM1U0BTOI
uM1U0BTOI,uM1U0BTOI
uM1U0BTOI,uM1U0BTOI
uB5N41M3V,uB5N41M3V
uYC3EFQYN,uB5N41M3V
uDZPXLNGR,uDZPXLNGR
uDZPXLNGR,uDZPXLNGR
uDZPXLNGR,uDZPXLNGR
uDZPXLNGR,uDZPXLNGR
uDZPXLNGR,uDZPXLNGR
uI43OEGIE,uI43OEGIE
u0VPT4Q4I,u0VPT4Q4I
uLUCGST3X,uLUCGST3X
uLUCGST3X,uLUCGST3X
uLUCGST3X,uLUCGST3X
uLUCGST3X,uLUCGST3X
uLUCGST3X,uLUCGST3X
uLUCGST3X,uLUCGST3X
uLUCGST3X,uLUCGST3X
uLUCGST3X,uLUCGST3X
uLUCGST3X,uLUCGST3X
uLUCGST3X,uLUCGST3X
uHRVMKBCX,uHRVMKBCX
uHRVMKBCX,uHRVMKBCX
uHRVMKBCX,uHRVMKBCX
uHRVMKBCX,uHRVMKBCX
uHRVMKBCX,uHRVMKBCX
uB5NMTR41,uB5NMTR41
uB5NMTR41,uB5NMTR41
uB5NMTR41,uB5NMTR41
uB5NMTR41,uB5NMTR41
uNEGKN1TU,uNEGKN1TU
uNEGKN1TU,uNEGKN1TU
uR1WBCI1N,uR1WBCI1N
uR1WBCI1N,uR1WBCI1N
uR1WBCI1N,uR1WBCI1N
uGL4PVOXX,uGL4PVOXX
uNEGKN1TU,uNEGKN1TU
uONP5KK5Z,uONP5KK5Z
uHRVMKBCX,uHRVMKBCX
uHRVMKBCX,uHRVMKBCX
uNEGOR4TE,uNEGOR4TE
uNEGOR4TE,uNEGOR4TE
uNEGOR4TE,uNEGOR4TE
uBIBFNELQ,uBIBFNELQ
uJ2OU1SNJ,uJ2OU1SNJ
uRUCMWM2,uRUCMWM2
uRUCMWM2,uRUCMWM2
uZDQAAJEZ,uZDQAAJEZ
uZDQAAJEZ,uZDQAAJEZ
uKB513WB0,uKB513WB0
uRULXIBT,uRULXIBT
uII5JYHCB,uII5JYHCB
uII5JYHCB,uII5JYHCB
uFAG1G2H,uFAG1G2H
uFAG1G2H,uFAG1G2H
uFAG1G2H,uFAG1G2H
u0VP2115G,u0VP2115G
u0VP2115G,u0VP2115G
u0VP2115G,u0VP2115G
u0VP2115G,u0VP2115G
u0VP2115G,u0VP2115G
uSIAL3WHR,uSIAL3WHR
uR1WYPC02,uR1WYPC02
uR1WYPC02,uR1WYPC02
uR1WYPC02,uR1WYPC02
uR1WYPC02,uR1WYPC02
uZNJARMRK,uZNJARMRK
u351Z5BYV,u351Z5BYV
u351Z5BYV,u351Z5BYV
u351Z5BYV,u351Z5BYV
uONPHTOMK,uONPHTOMK
uONPHTOMK,uONPHTOMK
uPKFKS5IE,uPKFKS5IE
u0VPSDJWB,u0VPSDJWB
u0VPSDJWB,u0VPSDJWB
u0VPSDJWB,u0VPSDJWB
u02LPDQUR,u02LPDQUR
u02LPDQUR,u02LPDQUR
u02LPDQUR,u02LPDQUR
uQZ030CJ1,uQZ030CJ1
uQZ030CJ1,uQZ030CJ1
uB5NFSCQ5,uB5NFSCQ5
uB5NFSCQ5,uB5NFSCQ5
uRULYO5I,uRULYO5I
uY02ZKAWQ,uY02ZKAWQ
uY02ZKAWQ,uY02ZKAWQ
uY02ZKAWQ,uY02ZKAWQ
uY02ZKAWQ,uY02ZKAWQ
u1CRMBHGB,u1CRMBHGB
u1CRMBHGB,u1CRMBHGB
u0AGSY5UZ,u0AGSY5UZ
u0AGSY5UZ,u0AGSY5UZ
u0AGSY5UZ,u0AGSY5UZ
uB5NMTR41,uB5NMTR41
u1OVXCZDQ,u1OVXCZDQ
u1OVXCZDQ,u1OVXCZDQ
u1OVXCZDQ,u1OVXCZDQ
u1OVXCZDQ,u1OVXCZDQ
u1OVXCZDQ,u1OVXCZDQ
u1OVXCZDQ,u1OVXCZDQ
uHRVM4OW2,uHRVM4OW2
uB5N4IZQH,uB5N4IZQH
uB5N4IZQH,uB5N4IZQH
uR1WHLRP3,uB5N4IZQH
uJWAAKU2Z,uJWAAKU2Z
uJWAAKU2Z,uJWAAKU2Z
uJWAAKU2Z,uJWAAKU2Z
uJWAAKU2Z,uJWAAKU2Z
uDGURI2UA,uDGURI2UA
uDGURI2UA,uDGURI2UA
uQZ030CJ1,uQZ030CJ1
uJ2Y4ACAQ,uJ2Y4ACAQ
uDSHLVTG,uDSHLVTG
uDSHLVTG,uDSHLVTG
uONP52W4N,uONP52W4N
uONP52W4N,uONP52W4N
uONP52W4N,uONP52W4N
uLCMDVHL4,uLCMDVHL4
uHRVOP0WG,uHRVOP0WG
uBIBFZXSF,uBIBFZXSF
uVGJDHWG4,uVGJDHWG4
uHJXSMPBB,uHJXSMPBB
uHJXSMPBB,uHJXSMPBB
uHJXSMPBB,uHJXSMPBB
uHJXSMPBB,uHJXSMPBB
uHJXSMPBB,uHJXSMPBB
uHJXSMPBB,uHJXSMPBB
uHJXSMPBB,uHJXSMPBB
uHJXSMPBB,uHJXSMPBB
uHRVMKBCX,uHRVMKBCX
uHRVMKBCX,uHRVMKBCX
uHRVMKBCX,uHRVMKBCX
uNEGKN1TU,uNEGKN1TU
uNEGKN1TU,uNEGKN1TU
uNEGKN1TU,uNEGKN1TU
uB5NF0V3U,uB5NF0V3U
uPA3K1D04,uPA3K1D04
uPA3K1D04,uPA3K1D04
uPA3K1D04,uPA3K1D04
uPA3K1D04,uPA3K1D04
uPA3K1D04,uPA3K1D04
uPA3K1D04,uPA3K1D04
uPA3K1D04,uPA3K1D04
uPA3K1D04,uPA3K1D04
uNEGKN1TU,uNEGKN1TU
uNEGKN1TU,uNEGKN1TU
uZDQAEBAI,uZDQAEBAI
uZDQAEBAI,uZDQAEBAI
uZDQAEBAI,uZDQAEBAI
uZDQAEBAI,uZDQAEBAI
uZDQAEBAI,uZDQAEBAI
uZDQAEBAI,uZDQAEBAI
uZDQAEBAI,uZDQAEBAI
uZDQAEBAI,uZDQAEBAI
uZDQAEBAI,uZDQAEBAI
uZDQAEBAI,uZDQAEBAI
u1OVXCZDQ,u1OVXCZDQ
u1OVXCZDQ,u1OVXCZDQ
u1OVXCZDQ,u1OVXCZDQ
u1OVXCZDQ,u1OVXCZDQ
u1OVXCZDQ,u1OVXCZDQ
uLUCGST3X,uLUCGST3X
uLUCGST3X,uLUCGST3X
uVEQW1QSQ,uVEQW1QSQ
uVEQW1QSQ,uVEQW1QSQ
uP2ZYHBCL,uP2ZYHBCL
uP2ZYHBCL,uP2ZYHBCL
uP2ZYHBCL,uP2ZYHBCL
uNEGKN1TU,uNEGKN1TU
uNEGKN1TU,uNEGKN1TU
uNEGKN1TU,uNEGKN1TU
uNEGKN1TU,uNEGKN1TU
uNEGKN1TU,uNEGKN1TU
uNEGKN1TU,uNEGKN1TU
uR1WBMDC2,uR1WBMDC2
uPVDKI5QP,uPVDKI5QP
uPVDKI5QP,uPVDKI5QP
uBIBF002J,uBIBF002J
uBIBF002J,uBIBF002J
uQZ0QASGS,uQZ0QASGS
uS5WHQ2HG,uS5WHQ2HG
uS5WHQ2HG,uS5WHQ2HG
uPVDJPGJK,uPVDJPGJK
uPVDJPGJK,uPVDJPGJK
uPVDJPGJK,uPVDJPGJK
uPVDJPGJK,uPVDJPGJK
uPVDJPGJK,uPVDJPGJK
uPVDJPGJK,uPVDJPGJK
uPVDJPGJK,uPVDJPGJK
uPVDJPGJK,uPVDJPGJK
uPVDJPGJK,uPVDJPGJK
uPVDJPGJK,uPVDJPGJK
uPVDJPGJK,uPVDJPGJK
uPVDJPGJK,uPVDJPGJK
uPVDJPGJK,uPVDJPGJK
uPVDJPGJK,uPVDJPGJK
uRUWJOHY,uRUWJOHY
uQHC0FIOI,uQHC0FIOI
uQSM5RYQU,uQSM5RYQU
uQSM5RYQU,uQSM5RYQU
u3JH3QKDG,u3JH3QKDG
u3JH3QKDG,u3JH3QKDG
u3JH3QKDG,u3JH3QKDG
u3JH3QKDG,u3JH3QKDG
uGL4NKUGN,uGL4NKUGN
uGL4NKUGN,uGL4NKUGN
uGL4NKUGN,uGL4NKUGN
uGL4NKUGN,uGL4NKUGN
uGL4NKUGN,uGL4NKUGN
uGL4NKUGN,uGL4NKUGN
uLUCJKVPN,uLUCJKVPN
uB5N44A0M,uB5N44A0M
uB5N44A0M,uB5N44A0M
uB5N44A0M,uB5N44A0M
uB5N44A0M,uB5N44A0M
uB5N44A0M,uB5N44A0M
uB5N44A0M,uB5N44A0M
uDGURANQR,uDGURANQR
uR1WYPC02,uR1WYPC02
uR1WYPC02,uR1WYPC02
uR1WYPC02,uR1WYPC02
uR1WYPC02,uR1WYPC02
uR1WYPC02,uR1WYPC02
uR1WYPC02,uR1WYPC02
uR1WYPC02,uR1WYPC02
uR1WYPC02,uR1WYPC02
uR1WYPC02,uR1WYPC02
uR1WYPC02,uR1WYPC02
uGL4NKUGN,uGL4NKUGN
uGL4NKUGN,uGL4NKUGN
uGL4NKUGN,uGL4NKUGN
uGL4NKUGN,uGL4NKUGN
uVGJCWKL0,uVGJCWKL0
uRUWVESY,uRUWVESY
uRUWVESY,uRUWVESY
uRUWVESY,uRUWVESY
uRUWVESY,uRUWVESY
uRUWVESY,uRUWVESY
uRUWVESY,uRUWVESY
uRUWVESY,uRUWVESY
uRUWVESY,uRUWVESY
uR1WHWPH5,uR1WHWPH5
uR1WHWPH5,uR1WHWPH5
uVGJLMICF,uVGJLMICF
u1OVXCZDQ,u1OVXCZDQ
u1OVXCZDQ,u1OVXCZDQ
u1OVXCZDQ,u1OVXCZDQ
uLUCKQF34,uLUCKQF34
uLUCKQF34,uLUCKQF34
uLUCKQF34,uLUCKQF34
uLUCKQF34,uLUCKQF34
u1OVRIIR4,u1OVRIIR4
u1OVRIIR4,u1OVRIIR4
u1OVRIIR4,u1OVRIIR4
u1OVRIIR4,u1OVRIIR4
uRUCJ5QW,uRUCJ5QW
uDZPXLNGR,uDZPXLNGR
uLCMDVHL4,uLCMDVHL4
uYC30FUMX,uYC30FUMX
uYC30FUMX,uYC30FUMX
u351Z5BYV,u351Z5BYV
uZNJRKP4W,uZNJRKP4W
uZNJRKP4W,uZNJRKP4W
uHQYNIPBI,uHQYNIPBI
uDZPXLNGR,uDZPXLNGR
uDZPXLNGR,uDZPXLNGR
uDZPXLNGR,uDZPXLNGR
u1OVXCZDQ,u1OVXCZDQ
uDGURANQR,uDGURANQR
uDGURANQR,uDGURANQR
uB5N4DFAJ,uB5N4DFAJ
uB5N4DFAJ,uB5N4DFAJ
uB5N4DFAJ,uB5N4DFAJ
uP2ZO0KGV,uP2ZO0KGV
uB5N4IZQH,uB5N4IZQH
uB5N4IZQH,uB5N4IZQH
uR1WHLRP3,uB5N4IZQH
uHRVDK5VN,uHRVDK5VN
uHRVDK5VN,uHRVDK5VN
uVEQL35ES,uVEQL35ES
uHQYYPXOF,uHQYYPXOF
uRLOL52YN,uRLOL52YN
uRLOL52YN,uRLOL52YN
uRLOL52YN,uRLOL52YN
u1OVXCZDQ,u1OVXCZDQ
u1OVXCZDQ,u1OVXCZDQ
u1OVXCZDQ,u1OVXCZDQ
u1OVXCZDQ,u1OVXCZDQ
uMLLHTUTO,uMLLHTUTO
uMLLHTUTO,uMLLHTUTO
uMLLHTUTO,uMLLHTUTO
uMLLHTUTO,uMLLHTUTO
uMLLHTUTO,uMLLHTUTO
uMLLHTUTO,uMLLHTUTO
uMLLHTUTO,uMLLHTUTO
uDZPXLNGR,uDZPXLNGR
uDZPXLNGR,uDZPXLNGR
uLCMKOAUM,uLCMKOAUM
uLCMKOAUM,uLCMKOAUM
uLCMKOAUM,uLCMKOAUM
uLCMKOAUM,uLCMKOAUM
uP2ZO0KGV,uP2ZO0KGV
uP2ZO0KGV,uP2ZO0KGV
uPA3D05GH,uPA3D05GH
uPA3D05GH,uPA3D05GH
uPA3D05GH,uPA3D05GH
uPA3D05GH,uPA3D05GH
uPA3D05GH,uPA3D05GH
uPA3D05GH,uPA3D05GH
uQZ0ZDTPT,uQZ0ZDTPT
uQZ0ZDTPT,uQZ0ZDTPT
uQZ0ZDTPT,uQZ0ZDTPT
uVEQCG4BW,uVEQCG4BW
uVEQCG4BW,uVEQCG4BW
uVEQCG4BW,uVEQCG4BW
uVEQCG4BW,uVEQCG4BW
uHQYYPXOF,uHQYYPXOF
uHQYYPXOF,uHQYYPXOF
uJ2O0XEW1,uJ2O0XEW1
uJ2O0XEW1,uJ2O0XEW1
uAHFYCU4W,uAHFYCU4W
uHRVMKBCX,uHRVMKBCX
uHRVMKBCX,uHRVMKBCX
uHRVMKBCX,uHRVMKBCX
uHRVMKBCX,uHRVMKBCX
uNEGKN1TU,uNEGKN1TU
uNEGKN1TU,uNEGKN1TU
uNEGKN1TU,uNEGKN1TU
uNEGKN1TU,uNEGKN1TU
uGL4NKUGN,uGL4NKUGN
uGL4NKUGN,uGL4NKUGN
uGL4NKUGN,uGL4NKUGN
uGL4NKUGN,uGL4NKUGN
uGL4NKUGN,uGL4NKUGN
uEMBVXCYV,uEMBVXCYV
uEMBVXCYV,uEMBVXCYV
uEMBVXCYV,uEMBVXCYV
uW0ELJZS3,uW0ELJZS3
uW0ELJZS3,uW0ELJZS3
uJ2OUXI4Q,uJ2OUXI4Q
uJ2OUXI4Q,uJ2OUXI4Q
uJ2OUXI4Q,uJ2OUXI4Q
uW0EGCZMU,uW0EGCZMU
uI43JFDYQ,uI43JFDYQ
uI43JFDYQ,uI43JFDYQ
uZXYRJJDR,uZXYRJJDR
uHRVP34WK,uHRVP34WK
uHRVP34WK,uHRVP34WK
uZNJIKDWM,uZNJIKDWM
uVGJLK0TX,uVGJLK0TX
uVGJLK0TX,uVGJLK0TX
u1OVXCZDQ,u1OVXCZDQ
u1OVXCZDQ,u1OVXCZDQ
u1OVXCZDQ,u1OVXCZDQ
u1OVXCZDQ,u1OVXCZDQ
u3FTE1YB5,u3FTE1YB5
u3FTE1YB5,u3FTE1YB5
uMMSCQLT1,uMMSCQLT1
uMMSCQLT1,uMMSCQLT1
uMMSCQLT1,uMMSCQLT1
uMMSCQLT1,uMMSCQLT1
uMMSCQLT1,uMMSCQLT1
uMMSCQLT1,uMMSCQLT1
uMMSCQLT1,uMMSCQLT1
uMMSCQLT1,uMMSCQLT1
uMMSCQLT1,uMMSCQLT1
uMMSCQLT1,uMMSCQLT1
uMMSCQLT1,uMMSCQLT1
uMMSCQLT1,uMMSCQLT1
uMMSCQLT1,uMMSCQLT1
uMMSCQLT1,uMMSCQLT1
uMMSCQLT1,uMMSCQLT1
uMMSCQLT1,uMMSCQLT1
uHQYSS3RE,uHQYSS3RE
uHQYSS3RE,uHQYSS3RE
uHQYSS3RE,uHQYSS3RE
uHQYSS3RE,uHQYSS3RE
uHQYSS3RE,uHQYSS3RE
uHJXSTSRD,uHJXSTSRD
uP2ZSSMEC,uP2ZSSMEC
uVT4LYCRW,uVT4LYCRW
uR1WG4MAF,uR1WG4MAF
uR1WG4MAF,uR1WG4MAF
uR1WG4MAF,uR1WG4MAF
uKPK1RU1V,uKPK1RU1V
uS5WH0VCK,uS5WH0VCK
uS5WH0VCK,uS5WH0VCK
uB4H4NISE,uB4H4NISE
uB4H4NISE,uB4H4NISE
uP2ZO0V3N,uP2ZO0V3N
uP2ZO0V3N,uP2ZO0V3N
u351Z5BYV,u351Z5BYV
u351Z5BYV,u351Z5BYV
u351Z5BYV,u351Z5BYV
uRUC4TWW,uRUC4TWW
uJ2ORF42S,uJ2ORF42S
uJ2ORF42S,uJ2ORF42S
uONP5KK5Z,uONP5KK5Z
uONP5KK5Z,uONP5KK5Z
uONP5KK5Z,uONP5KK5Z
uONP5KK5Z,uONP5KK5Z
uONP5KK5Z,uONP5KK5Z
uPVDWOREI,uPVDWOREI
uI43HDKM1,uI43HDKM1
uI43HDKM1,uI43HDKM1
uI43HDKM1,uI43HDKM1
uLCMJ2PXN,uLCMJ2PXN
uQZ030CJ1,uQZ030CJ1
uVGJCWKL0,uVGJCWKL0
uVGJCWKL0,uVGJCWKL0
u0YUPJHTB,u0YUPJHTB
u1OVXCZDQ,u1OVXCZDQ
u1OVXCZDQ,u1OVXCZDQ
uZND2DPYO,uZND2DPYO
uZND2DPYO,uZND2DPYO
uDZPXLNGR,uDZPXLNGR
uDZPXLNGR,uDZPXLNGR
uDZPXLNGR,uDZPXLNGR
uPVDWOREI,uPVDWOREI
uPVDWOREI,uPVDWOREI
uPVDWOREI,uPVDWOREI
u1OVXCZDQ,u1OVXCZDQ
uGL4NKUGN,uGL4NKUGN
uGL4NKUGN,uGL4NKUGN
uR1WHFRVP,uR1WHFRVP
uR1WHFRVP,uR1WHFRVP
uR1WHFRVP,uR1WHFRVP
uR1WHFRVP,uR1WHFRVP
uR1WHFRVP,uR1WHFRVP
uR1WHFRVP,uR1WHFRVP
uR1WHFRVP,uR1WHFRVP
uSIAEYCO1,uSIAEYCO1
uSIAEYCO1,uSIAEYCO1
uSIAEYCO1,uSIAEYCO1
uSIAEYCO1,uSIAEYCO1
uLCMDVHL4,uLCMDVHL4
u3JHEIDNB,u3JHEIDNB
u3JHEIDNB,u3JHEIDNB
u3JHEIDNB,u3JHEIDNB
u0VPPH0KB,u0VPPH0KB
u0VPPH0KB,u0VPPH0KB
u0VPPH0KB,u0VPPH0KB
u0VPPH0KB,u0VPPH0KB
u0VPPH0KB,u0VPPH0KB
uNEGOR4PH,uNEGOR4PH
uNEGOR4PH,uNEGOR4PH
uRLOGTUQL,uRLOGTUQL
uRLOGTUQL,uRLOGTUQL
uRLOGTUQL,uRLOGTUQL
uSIAWVTWI,uSIAWVTWI
uRLOCFI5N,uRLOCFI5N
uP2ZO0KGV,uP2ZO0KGV
uP2ZO0KGV,uP2ZO0KGV
uP2ZO0KGV,uP2ZO0KGV
uP2ZO0KGV,uP2ZO0KGV
uVT4LT3CS,uVT4LT3CS
uVT4LT3CS,uVT4LT3CS
uVT4LT3CS,uVT4LT3CS
u1OVXCZDQ,u1OVXCZDQ
u1OVXCZDQ,u1OVXCZDQ
uY02ZKAWQ,uY02ZKAWQ
uY02ZKAWQ,uY02ZKAWQ
uY02ZKAWQ,uY02ZKAWQ
uY02ZKAWQ,uY02ZKAWQ
uY02ZKAWQ,uY02ZKAWQ
uDGURANQR,uDGURANQR
uDGURANQR,uDGURANQR
uDGURANQR,uDGURANQR
uDGURANQR,uDGURANQR
uHRVMUZMA,uHRVMUZMA
uATZFTNYZ,uATZFTNYZ
uATZFTNYZ,uATZFTNYZ
uATZFTNYZ,uATZFTNYZ
uATZFTNYZ,uATZFTNYZ
uATZFTNYZ,uATZFTNYZ
uATZFTNYZ,uATZFTNYZ
uUPW4GPSM,uUPW4GPSM
uUPW4GPSM,uUPW4GPSM
uUPW4GPSM,uUPW4GPSM
uGL4NKUGN,uGL4NKUGN
uKB5U24DK,uKB5U24DK
uKB5U24DK,uKB5U24DK
uKB5U24DK,uKB5U24DK
uVGJC4JKC,uVGJC4JKC
uVGJC4JKC,uVGJC4JKC
uKPKRGPKY,uKPKRGPKY
uKPKRGPKY,uKPKRGPKY
uKPKRGPKY,uKPKRGPKY
u1OVXCZDQ,u1OVXCZDQ
u1OVXCZDQ,u1OVXCZDQ
uLUCOBG3W,uLUCOBG3W
uLUCOBG3W,uLUCOBG3W
uVEQEXH23,uVEQEXH23
uVEQEXH23,uVEQEXH23
uVEQEXH23,uVEQEXH23
uVEQLXCQB,uVEQLXCQB
uHRVMINEK,uHRVMINEK
uHRVMINEK,uHRVMINEK
uHRVMINEK,uHRVMINEK
uHRVMINEK,uHRVMINEK
uNEGKN1TU,uNEGKN1TU
uDZPXLNGR,uDZPXLNGR
uVEQW1QSQ,uVEQW1QSQ
uVEQW1QSQ,uVEQW1QSQ
u1OVXCZDQ,u1OVXCZDQ
u1OVXCZDQ,u1OVXCZDQ
u1OVXCZDQ,u1OVXCZDQ
u1OVXCZDQ,u1OVXCZDQ
uY02I4ODW,uY02I4ODW
uY02I4ODW,uY02I4ODW
uY02I4ODW,uY02I4ODW
uEMBUZRVY,uEMBUZRVY
u1OVXCZDQ,u1OVXCZDQ
u1OVXCZDQ,u1OVXCZDQ
u1OVXCZDQ,u1OVXCZDQ
u1OVXCZDQ,u1OVXCZDQ
uHRVH4HXN,uHRVH4HXN
uNEGKN1TU,uNEGKN1TU
uNEGKN1TU,uNEGKN1TU
uNEGKN1TU,uNEGKN1TU
uKB5A4EJD,uKB5A4EJD
uRULX0OL,uRULX0OL
uHQYYA0TS,uHQYYA0TS
uHQYYA0TS,uHQYYA0TS
uHQYYA0TS,uHQYYA0TS
u1OVXCZDQ,u1OVXCZDQ
u1OVXCZDQ,u1OVXCZDQ
uB5NMTR41,uB5NMTR41
uB5NMTR41,uB5NMTR41
uDZPXLNGR,uDZPXLNGR
uDZPXLNGR,uDZPXLNGR
uDZPXLNGR,uDZPXLNGR
uLUCGST3X,uLUCGST3X
uLUCGST3X,uLUCGST3X
u1OVXCZDQ,u1OVXCZDQ
u1OVXCZDQ,u1OVXCZDQ
u1OVXCZDQ,u1OVXCZDQ
uR1WBMDC2,uR1WBMDC2
uONPV3I42,uONPV3I42
uONPV3I42,uONPV3I42
uLUCGST3X,uLUCGST3X
u1OVXCZDQ,u1OVXCZDQ
u1OVXCZDQ,u1OVXCZDQ
u1OVXCZDQ,u1OVXCZDQ
uP2ZYHBCL,uP2ZYHBCL
uP2ZYHBCL,uP2ZYHBCL
uP2ZYHBCL,uP2ZYHBCL
uP2ZYHBCL,uP2ZYHBCL
uP2ZYHBCL,uP2ZYHBCL
uP2ZYHBCL,uP2ZYHBCL
uP2ZYHBCL,uP2ZYHBCL
uP2ZYHBCL,uP2ZYHBCL
uMLLCZHGM,uMLLCZHGM
uMLLCZHGM,uMLLCZHGM
uMLLCZHGM,uMLLCZHGM
uS5WZDK11,uS5WZDK11
uB5NF0V3U,uB5NF0V3U
uB5NF0V3U,uB5NF0V3U
uB5NF0V3U,uB5NF0V3U
uVEQ5KVQJ,uB5NF0V3U
uLUCYW5MY,uLUCYW5MY
uLUCYW5MY,uLUCYW5MY
uLUCYW5MY,uLUCYW5MY
uLUCYW5MY,uLUCYW5MY
uLUCYW5MY,uLUCYW5MY
uKPKUTP5Q,uKPKUTP5Q
uATZF0WGN,uATZF0WGN
uATZF0WGN,uATZF0WGN
uATZF0WGN,uATZF0WGN
uMLLVN45R,uMLLVN45R
uMLLVN45R,uMLLVN45R
uM1UVTTVN,uM1UVTTVN
uONP5KK5Z,uONP5KK5Z
uONP5KK5Z,uONP5KK5Z
uVEQWPINE,uVEQWPINE
u1OVXCZDQ,u1OVXCZDQ
u1OVXCZDQ,u1OVXCZDQ
u1OVXCZDQ,u1OVXCZDQ
u1OVXCZDQ,u1OVXCZDQ
uB4H2SXFI,uB4H2SXFI
uB4H2SXFI,uB4H2SXFI
uB4H2SXFI,uB4H2SXFI
uB4H2SXFI,uB4H2SXFI
uB4H2SXFI,uB4H2SXFI
uB4H2SXFI,uB4H2SXFI
uB4H2SXFI,uB4H2SXFI
uB4H2SXFI,uB4H2SXFI
uNEGKN1TU,uNEGKN1TU
uNEGKN1TU,uNEGKN1TU
uNEGKN1TU,uNEGKN1TU
uNEGKN1TU,uNEGKN1TU
uNEGKN1TU,uNEGKN1TU
uNEGKN1TU,uNEGKN1TU
uNEGKN1TU,uNEGKN1TU
uNEGKN1TU,uNEGKN1TU
uNEGKN1TU,uNEGKN1TU
uNEGKN1TU,uNEGKN1TU
uAHFJM1RH,uAHFJM1RH
uMMS54BNG,uMMS54BNG
uMMS54BNG,uMMS54BNG
uMMS54BNG,uMMS54BNG
uMMS54BNG,uMMS54BNG
uMMS54BNG,uMMS54BNG
uMMS54BNG,uMMS54BNG
uMMS54BNG,uMMS54BNG
uMMS54BNG,uMMS54BNG
uPA3DXHNF,uPA3DXHNF
uR1WYPC02,uR1WYPC02
uR1WYPC02,uR1WYPC02
uR1WYPC02,uR1WYPC02
uKPK1QDER,uKPK1QDER
uKPK1QDER,uKPK1QDER
uOQZ3FQNF,uOQZ3FQNF
uOQZ3FQNF,uOQZ3FQNF
uOQZ3FQNF,uOQZ3FQNF
uTZ5BK4XN,uTZ5BK4XN
uTZ5BK4XN,uTZ5BK4XN
uVGJCWKL0,uVGJCWKL0
uVGJCWKL0,uVGJCWKL0
uVGJCWKL0,uVGJCWKL0
uVGJCWKL0,uVGJCWKL0
uM1U0BTOI,uM1U0BTOI
uM1U0BTOI,uM1U0BTOI
uM1U0BTOI,uM1U0BTOI
uM1U0BTOI,uM1U0BTOI
uM1U0BTOI,uM1U0BTOI
uDGUR0A10,uDGUR0A10
uDGUR0A10,uDGUR0A10
uDGUR0A10,uDGUR0A10
uDGUR0A10,uDGUR0A10
uDGUR0A10,uDGUR0A10
uNEGKN1TU,uNEGKN1TU
uGL4NKUGN,uGL4NKUGN
uGL4NKUGN,uGL4NKUGN
uGL4NKUGN,uGL4NKUGN
uGL4NKUGN,uGL4NKUGN
uDSYSOCG,uDSYSOCG
uDSYSOCG,uDSYSOCG
uDSYSOCG,uDSYSOCG
uRSRDQALS,uRSRDQALS
uRSRDQALS,uRSRDQALS
uDSHKMEX,uDSHKMEX
uDSHKMEX,uDSHKMEX
uJ2OAWA1R,uJ2OAWA1R
uHQYKQXGR,uHQYKQXGR
uHQYKQXGR,uHQYKQXGR
uJWAAKU2Z,uJWAAKU2Z
uZNJIMQF3,uZNJIMQF3
uZNJIMQF3,uZNJIMQF3
uZNJIMQF3,uZNJIMQF3
uZNJIMQF3,uZNJIMQF3
uZNJIMQF3,uZNJIMQF3
uZNJIMQF3,uZNJIMQF3
uZNJIMQF3,uZNJIMQF3
uW0EGZFZL,uW0EGZFZL
uW0EGZFZL,uW0EGZFZL
uVGJDBM5B,uVGJDBM5B
uVGJDBM5B,uVGJDBM5B
uM1U5GQGV,uM1U5GQGV
uJWAAKU2Z,uJWAAKU2Z
uJWAAKU2Z,uJWAAKU2Z
uJWAAKU2Z,uJWAAKU2Z
uJWAAKU2Z,uJWAAKU2Z
uEMBE5RPM,uEMBE5RPM
uVT4WPMXN,uVT4WPMXN
uVT4WPMXN,uVT4WPMXN
uVT4WPMXN,uVT4WPMXN
uZNJ03TKP,uVT4WPMXN
uK3RUAHEZ,uK3RUAHEZ
uK3RUAHEZ,uK3RUAHEZ
uK3RUAHEZ,uK3RUAHEZ
u1OVXCZDQ,u1OVXCZDQ
uJWAAKU2Z,uJWAAKU2Z
uJWAAKU2Z,uJWAAKU2Z
uJWAAKU2Z,uJWAAKU2Z
uJWAAKU2Z,uJWAAKU2Z
uJWAAKU2Z,uJWAAKU2Z
uNEGKN1TU,uNEGKN1TU
uNEGKN1TU,uNEGKN1TU
uLMITKKGY,uLMITKKGY
uLMITKKGY,uLMITKKGY
uLMITKKGY,uLMITKKGY
uLMITKKGY,uLMITKKGY
uLMITKKGY,uLMITKKGY
uLMITKKGY,uLMITKKGY
uLMITKKGY,uLMITKKGY
uLMITKKGY,uLMITKKGY
uLMITKKGY,uLMITKKGY
uJ2OAEDUG,uLMITKKGY
uRULXIBT,uRULXIBT
uRULXIBT,uRULXIBT
uRULXIBT,uRULXIBT
uRULXIBT,uRULXIBT
uRULXIBT,uRULXIBT
uRULXIBT,uRULXIBT
uRULXIBT,uRULXIBT
uRULXIBT,uRULXIBT
uYC3EOMDG,uYC3EOMDG
uHRVM4OW2,uHRVM4OW2
uLUCOBG3W,uLUCOBG3W
uONP5KK5Z,uONP5KK5Z
uONP5KK5Z,uONP5KK5Z
uONP5KK5Z,uONP5KK5Z
uONP5KK5Z,uONP5KK5Z
uONP5KK5Z,uONP5KK5Z
uONP5KK5Z,uONP5KK5Z
uONP5KK5Z,uONP5KK5Z
uHRVMIZBI,uHRVMIZBI
uHRVMIZBI,uHRVMIZBI
u3JH00FIA,u3JH00FIA
u3JH00FIA,u3JH00FIA
uBK1PKDYY,uBK1PKDYY
uBK1PKDYY,uBK1PKDYY
uBK1PKDYY,uBK1PKDYY
uBK1PKDYY,uBK1PKDYY
uDZPXLNGR,uDZPXLNGR
uDZPXLNGR,uDZPXLNGR
uDZPXLNGR,uDZPXLNGR
uDZPXLNGR,uDZPXLNGR
uDZPXLNGR,uDZPXLNGR
uDZPXLNGR,uDZPXLNGR
uHRVMKBCX,uHRVMKBCX
uHRVMKBCX,uHRVMKBCX
uHRVMKBCX,uHRVMKBCX
uEMBE5RPM,uEMBE5RPM
uEMBE5RPM,uEMBE5RPM
uEMBE5RPM,uEMBE5RPM
uGL4T1Q2Z,uGL4T1Q2Z
uGL4T1Q2Z,uGL4T1Q2Z
uGL4T1Q2Z,uGL4T1Q2Z
uGL4T1Q2Z,uGL4T1Q2Z
uM1U0BTOI,uM1U0BTOI
uM1U0BTOI,uM1U0BTOI
uM1U0BTOI,uM1U0BTOI
uRU5Q100,uRU5Q100
uP2ZOVACF,uP2ZOVACF
uB5FIIRYE,uB5FIIRYE
uB5FIIRYE,uB5FIIRYE
uB5FIIRYE,uB5FIIRYE
uB5FIIRYE,uB5FIIRYE
uWWBLPDAP,uWWBLPDAP
uWWBLPDAP,uWWBLPDAP
uWWBLPDAP,uWWBLPDAP
uWWBLPDAP,uWWBLPDAP
uWWBLPDAP,uWWBLPDAP
uWWBLPDAP,uWWBLPDAP
uWWBLPDAP,uWWBLPDAP
uWWBLPDAP,uWWBLPDAP
uWWBLPDAP,uWWBLPDAP
uWWBLPDAP,uWWBLPDAP
uWWBLPDAP,uWWBLPDAP
uWWBLPDAP,uWWBLPDAP
uWWBLPDAP,uWWBLPDAP
uWWBLPDAP,uWWBLPDAP
uWWBLPDAP,uWWBLPDAP
uWWBLPDAP,uWWBLPDAP
uWWBLPDAP,uWWBLPDAP
uWWBLPDAP,uWWBLPDAP
uWWBLPDAP,uWWBLPDAP
uWWBLPDAP,uWWBLPDAP
uVGJCWKL0,uVGJCWKL0
uVGJCWKL0,uVGJCWKL0
uVGJCWKL0,uVGJCWKL0
uVGJCWKL0,uVGJCWKL0
uKB5IPJTN,uKB5IPJTN
uKB5IPJTN,uKB5IPJTN
uKB5IPJTN,uKB5IPJTN
uKB5IPJTN,uKB5IPJTN
uSIACOGKC,uSIACOGKC
u0VPPEKCF,u0VPPEKCF
u0VPPEKCF,u0VPPEKCF
u0VPPEKCF,u0VPPEKCF
u0VPPEKCF,u0VPPEKCF
u1OVXCZDQ,u1OVXCZDQ
uKB513WB0,uKB513WB0
uKB513WB0,uKB513WB0
uKB513WB0,uKB513WB0
uY02I4ODW,uY02I4ODW
uY02I4ODW,uY02I4ODW
u1OVRZ4BR,u1OVRZ4BR
uGL2RRG4B,uGL2RRG4B
uP2ZJ411O,uP2ZJ411O
uP2ZJ411O,uP2ZJ411O
uDZPXLNGR,uDZPXLNGR
uDZPXLNGR,uDZPXLNGR
uP2ZO0KGV,uP2ZO0KGV
uP2ZO0KGV,uP2ZO0KGV
uJWAAKU2Z,uJWAAKU2Z
uJWAAKU2Z,uJWAAKU2Z
uJWAAKU2Z,uJWAAKU2Z
uJWAAKU2Z,uJWAAKU2Z
uJWAAKU2Z,uJWAAKU2Z
uJWAAKU2Z,uJWAAKU2Z
uJWAAKU2Z,uJWAAKU2Z
uJWAAKU2Z,uJWAAKU2Z
u1CRMBHGB,u1CRMBHGB
